#
# There is insufficient memory for the Java Runtime Environment to continue.
# Native memory allocation (mmap) failed to map 531628032 bytes. Error detail: G1 virtual space
# Possible reasons:
#   The system is out of physical RAM or swap space
#   This process is running with CompressedOops enabled, and the Java Heap may be blocking the growth of the native heap
# Possible solutions:
#   Reduce memory load on the system
#   Increase physical memory or swap space
#   Check if swap backing store is full
#   Decrease Java heap size (-Xmx/-Xms)
#   Decrease number of Java threads
#   Decrease Java thread stack sizes (-Xss)
#   Set larger code cache with -XX:ReservedCodeCacheSize=
#   JVM is running with Unscaled Compressed Oops mode in which the Java heap is
#     placed in the first 4GB address space. The Java Heap base address is the
#     maximum limit for the native heap growth. Please use -XX:HeapBaseMinAddress
#     to set the Java Heap base and to place the Java Heap above 4GB virtual address.
# This output file may be truncated or incomplete.
#
#  Out of Memory Error (os_windows.cpp:3618), pid=6984, tid=9220
#
# JRE version: OpenJDK Runtime Environment Temurin-17.0.19+10 (17.0.19+10) (build 17.0.19+10)
# Java VM: OpenJDK 64-Bit Server VM Temurin-17.0.19+10 (17.0.19+10, mixed mode, sharing, tiered, compressed oops, compressed class ptrs, g1 gc, windows-amd64)
# No core dump will be written. Minidumps are not enabled by default on client versions of Windows
#

---------------  S U M M A R Y ------------

Command Line: --add-opens=java.base/java.lang=ALL-UNNAMED --add-opens=java.base/java.lang.invoke=ALL-UNNAMED --add-opens=java.base/java.util=ALL-UNNAMED --add-opens=java.prefs/java.util.prefs=ALL-UNNAMED --add-exports=jdk.compiler/com.sun.tools.javac.api=ALL-UNNAMED --add-exports=jdk.compiler/com.sun.tools.javac.util=ALL-UNNAMED --add-opens=java.base/java.util=ALL-UNNAMED --add-opens=java.prefs/java.util.prefs=ALL-UNNAMED --add-opens=java.base/java.nio.charset=ALL-UNNAMED --add-opens=java.base/java.net=ALL-UNNAMED --add-opens=java.base/java.util.concurrent=ALL-UNNAMED --add-opens=java.base/java.util.concurrent.atomic=ALL-UNNAMED --add-opens=java.xml/javax.xml.namespace=ALL-UNNAMED --add-opens=java.base/java.time=ALL-UNNAMED -Xmx2048m -Dfile.encoding=UTF-8 -Duser.country=US -Duser.language=en -Duser.variant -javaagent:C:\Users\Shyly\.gradle\wrapper\dists\gradle-9.3.1-bin\23ovyewtku6u96viwx3xl3oks\gradle-9.3.1\lib\agents\gradle-instrumentation-agent-9.3.1.jar org.gradle.launcher.daemon.bootstrap.GradleDaemon 9.3.1

Host: Intel(R) Core(TM) i3-8130U CPU @ 2.20GHz, 4 cores, 7G,  Windows 10 , 64 bit Build 19041 (10.0.19041.5915)
Time: Sun Aug 30 18:13:40 2026 SE Asia Standard Time elapsed time: 200.840571 seconds (0d 0h 3m 20s)

---------------  T H R E A D  ---------------

Current thread (0x0000016bc1e6f6c0):  VMThread "VM Thread" [stack: 0x0000004014700000,0x0000004014800000] [id=9220]

Stack: [0x0000004014700000,0x0000004014800000]
Native frames: (J=compiled Java code, j=interpreted, Vv=VM code, C=native code)
V  [jvm.dll+0x684b29]
V  [jvm.dll+0x83a2d5]
V  [jvm.dll+0x83bd4e]
V  [jvm.dll+0x83c3d3]
V  [jvm.dll+0x24905f]
V  [jvm.dll+0x6818e9]
V  [jvm.dll+0x6766ea]
V  [jvm.dll+0x3093b7]
V  [jvm.dll+0x3109a6]
V  [jvm.dll+0x360f1e]
V  [jvm.dll+0x36115d]
V  [jvm.dll+0x2e043c]
V  [jvm.dll+0x2e34c6]
V  [jvm.dll+0x2edc04]
V  [jvm.dll+0x320edd]
V  [jvm.dll+0x840bed]
V  [jvm.dll+0x841923]
V  [jvm.dll+0x841e4f]
V  [jvm.dll+0x842235]
V  [jvm.dll+0x8422fe]
V  [jvm.dll+0x7eaf1c]
V  [jvm.dll+0x6839f7]
C  [ucrtbase.dll+0x21bb2]
C  [KERNEL32.DLL+0x17374]
C  [ntdll.dll+0x4cc91]

VM_Operation (0x00000040143ffb20): G1PauseRemark, mode: safepoint, requested by thread 0x0000016ba42af640


---------------  P R O C E S S  ---------------

Threads class SMR info:
_java_thread_list=0x0000016c0d285910, length=93, elements={
0x0000016ba4243680, 0x0000016bc1e78d80, 0x0000016bc1e79c00, 0x0000016bc1e8c7c0,
0x0000016bc1e8d380, 0x0000016bc1e91d60, 0x0000016bc1e92720, 0x0000016bc1e96dd0,
0x0000016bc1e9f890, 0x0000016bc1eaaa70, 0x0000016c0709f070, 0x0000016c071814a0,
0x0000016c08cf8190, 0x0000016c08f730d0, 0x0000016c07cee500, 0x0000016c08f69d20,
0x0000016c09064c70, 0x0000016c09066fe0, 0x0000016c09066ad0, 0x0000016c09064760,
0x0000016c09065180, 0x0000016c09065ba0, 0x0000016c09065690, 0x0000016c090665c0,
0x0000016c090674f0, 0x0000016c090660b0, 0x0000016c09063d40, 0x0000016c09064250,
0x0000016c091b6750, 0x0000016c091b39c0, 0x0000016c091b2070, 0x0000016c091b5820,
0x0000016c091b3ed0, 0x0000016c091b8ac0, 0x0000016c091b5d30, 0x0000016c091b4e00,
0x0000016c091b99f0, 0x0000016c091b6240, 0x0000016c091b7170, 0x0000016c091b2580,
0x0000016c091b6c60, 0x0000016c091b34b0, 0x0000016c091b48f0, 0x0000016c091b94e0,
0x0000016c091b7680, 0x0000016c091b7b90, 0x0000016c07379ec0, 0x0000016c0737b300,
0x0000016c0737d670, 0x0000016c0737e090, 0x0000016c0737efc0, 0x0000016c0737db80,
0x0000016c0737eab0, 0x0000016c0737a8e0, 0x0000016c07378060, 0x0000016c0737adf0,
0x0000016c07378a80, 0x0000016c0737f4d0, 0x0000016c073794a0, 0x0000016c0b724ff0,
0x0000016c0b725500, 0x0000016c0b722260, 0x0000016c0b721d50, 0x0000016c0b7236a0,
0x0000016c0b722770, 0x0000016c0b722c80, 0x0000016c0b723190, 0x0000016c0b723bb0,
0x0000016c0b7240c0, 0x0000016c0b724ae0, 0x0000016c0dde18c0, 0x0000016c0dde22e0,
0x0000016c0dde13b0, 0x0000016c0dddeb30, 0x0000016c0dddf040, 0x0000016c0dddf550,
0x0000016c0dde0ea0, 0x0000016c0dddff70, 0x0000016c0c5ca4e0, 0x0000016c0c5c90a0,
0x0000016c0c5c44b0, 0x0000016c0c5cb410, 0x0000016c0c5c7750, 0x0000016c0c5c49c0,
0x0000016c0c5cb920, 0x0000016c0c5c8170, 0x0000016c0c5c4ed0, 0x0000016c0c5c7240,
0x0000016c141cc610, 0x0000016c141cacc0, 0x0000016c0a850d60, 0x0000016c141cc100,
0x0000016c141cb1d0
}

Java Threads: ( => current thread )
  0x0000016ba4243680 JavaThread "main" [_thread_blocked, id=7020, stack(0x0000004014100000,0x0000004014200000)]
  0x0000016bc1e78d80 JavaThread "Reference Handler" daemon [_thread_blocked, id=5768, stack(0x0000004014800000,0x0000004014900000)]
  0x0000016bc1e79c00 JavaThread "Finalizer" daemon [_thread_blocked, id=4628, stack(0x0000004014900000,0x0000004014a00000)]
  0x0000016bc1e8c7c0 JavaThread "Signal Dispatcher" daemon [_thread_blocked, id=9940, stack(0x0000004014a00000,0x0000004014b00000)]
  0x0000016bc1e8d380 JavaThread "Attach Listener" daemon [_thread_blocked, id=11356, stack(0x0000004014b00000,0x0000004014c00000)]
  0x0000016bc1e91d60 JavaThread "Service Thread" daemon [_thread_blocked, id=14208, stack(0x0000004014c00000,0x0000004014d00000)]
  0x0000016bc1e92720 JavaThread "Monitor Deflation Thread" daemon [_thread_blocked, id=8944, stack(0x0000004014d00000,0x0000004014e00000)]
  0x0000016bc1e96dd0 JavaThread "C2 CompilerThread0" daemon [_thread_blocked, id=4104, stack(0x0000004014e00000,0x0000004014f00000)]
  0x0000016bc1e9f890 JavaThread "C1 CompilerThread0" daemon [_thread_blocked, id=2064, stack(0x0000004014f00000,0x0000004015000000)]
  0x0000016bc1eaaa70 JavaThread "Sweeper thread" daemon [_thread_blocked, id=2564, stack(0x0000004015000000,0x0000004015100000)]
  0x0000016c0709f070 JavaThread "Common-Cleaner" daemon [_thread_blocked, id=6168, stack(0x0000004015100000,0x0000004015200000)]
  0x0000016c071814a0 JavaThread "Notification Thread" daemon [_thread_blocked, id=9932, stack(0x0000004015200000,0x0000004015300000)]
  0x0000016c08cf8190 JavaThread "Daemon health stats" [_thread_blocked, id=11476, stack(0x0000004015800000,0x0000004015900000)]
  0x0000016c08f730d0 JavaThread "Incoming local TCP Connector on port 51222" [_thread_in_native, id=6792, stack(0x0000004015600000,0x0000004015700000)]
  0x0000016c07cee500 JavaThread "Daemon periodic checks" [_thread_blocked, id=4812, stack(0x0000004015900000,0x0000004015a00000)]
  0x0000016c08f69d20 JavaThread "Daemon" [_thread_blocked, id=6204, stack(0x0000004015a00000,0x0000004015b00000)]
  0x0000016c09064c70 JavaThread "Handler for socket connection from /127.0.0.1:51222 to /127.0.0.1:51223" [_thread_in_native, id=13624, stack(0x0000004015b00000,0x0000004015c00000)]
  0x0000016c09066fe0 JavaThread "Cancel handler" [_thread_blocked, id=9180, stack(0x0000004015c00000,0x0000004015d00000)]
  0x0000016c09066ad0 JavaThread "Daemon worker" [_thread_blocked, id=10936, stack(0x0000004015d00000,0x0000004015e00000)]
  0x0000016c09064760 JavaThread "Asynchronous log dispatcher for DefaultDaemonConnection: socket connection from /127.0.0.1:51222 to /127.0.0.1:51223" [_thread_blocked, id=7908, stack(0x0000004015e00000,0x0000004015f00000)]
  0x0000016c09065180 JavaThread "Stdin handler" [_thread_blocked, id=2744, stack(0x0000004015f00000,0x0000004016000000)]
  0x0000016c09065ba0 JavaThread "Daemon client event forwarder" [_thread_blocked, id=10364, stack(0x0000004016000000,0x0000004016100000)]
  0x0000016c09065690 JavaThread "Cache worker for journal cache (C:\Users\Shyly\.gradle\caches\journal-1)" [_thread_blocked, id=12172, stack(0x0000004016100000,0x0000004016200000)]
  0x0000016c090665c0 JavaThread "File lock request listener" [_thread_in_native, id=6816, stack(0x0000004016200000,0x0000004016300000)]
  0x0000016c090674f0 JavaThread "Cache worker for file hash cache (C:\Users\Shyly\.gradle\caches\9.3.1\fileHashes)" [_thread_blocked, id=13788, stack(0x0000004016400000,0x0000004016500000)]
  0x0000016c090660b0 JavaThread "Cache worker for file hash cache (C:\Users\Shyly\AndroidStudioProjects\ShopLedger\.gradle\9.3.1\fileHashes)" [_thread_blocked, id=6568, stack(0x0000004016500000,0x0000004016600000)]
  0x0000016c09063d40 JavaThread "Cache worker for Build Output Cleanup Cache (C:\Users\Shyly\AndroidStudioProjects\ShopLedger\.gradle\buildOutputCleanup)" [_thread_blocked, id=14284, stack(0x0000004016600000,0x0000004016700000)]
  0x0000016c09064250 JavaThread "File watcher server" daemon [_thread_blocked, id=380, stack(0x0000004016700000,0x0000004016800000)]
  0x0000016c091b6750 JavaThread "File watcher consumer" daemon [_thread_blocked, id=2716, stack(0x0000004016800000,0x0000004016900000)]
  0x0000016c091b39c0 JavaThread "Cache worker for checksums cache (C:\Users\Shyly\AndroidStudioProjects\ShopLedger\.gradle\9.3.1\checksums)" [_thread_blocked, id=3484, stack(0x0000004016900000,0x0000004016a00000)]
  0x0000016c091b2070 JavaThread "Cache worker for file content cache (C:\Users\Shyly\.gradle\caches\9.3.1\fileContent)" [_thread_blocked, id=6564, stack(0x0000004016a00000,0x0000004016b00000)]
  0x0000016c091b5820 JavaThread "Cache worker for cache directory md-supplier (C:\Users\Shyly\.gradle\caches\9.3.1\md-supplier)" [_thread_blocked, id=12264, stack(0x0000004016b00000,0x0000004016c00000)]
  0x0000016c091b3ed0 JavaThread "Cache worker for cache directory md-rule (C:\Users\Shyly\.gradle\caches\9.3.1\md-rule)" [_thread_blocked, id=8128, stack(0x0000004016c00000,0x0000004016d00000)]
  0x0000016c091b8ac0 JavaThread "Unconstrained build operations" [_thread_blocked, id=13692, stack(0x0000004016d00000,0x0000004016e00000)]
  0x0000016c091b5d30 JavaThread "Unconstrained build operations Thread 2" [_thread_blocked, id=9252, stack(0x0000004016e00000,0x0000004016f00000)]
  0x0000016c091b4e00 JavaThread "Unconstrained build operations Thread 3" [_thread_blocked, id=11828, stack(0x0000004016f00000,0x0000004017000000)]
  0x0000016c091b99f0 JavaThread "Unconstrained build operations Thread 4" [_thread_blocked, id=12128, stack(0x0000004017000000,0x0000004017100000)]
  0x0000016c091b6240 JavaThread "Unconstrained build operations Thread 5" [_thread_blocked, id=9328, stack(0x0000004017100000,0x0000004017200000)]
  0x0000016c091b7170 JavaThread "Unconstrained build operations Thread 6" [_thread_blocked, id=9972, stack(0x0000004017200000,0x0000004017300000)]
  0x0000016c091b2580 JavaThread "Unconstrained build operations Thread 7" [_thread_blocked, id=11188, stack(0x0000004017300000,0x0000004017400000)]
  0x0000016c091b6c60 JavaThread "Unconstrained build operations Thread 8" [_thread_blocked, id=12832, stack(0x0000004017400000,0x0000004017500000)]
  0x0000016c091b34b0 JavaThread "Unconstrained build operations Thread 9" [_thread_blocked, id=2496, stack(0x0000004017500000,0x0000004017600000)]
  0x0000016c091b48f0 JavaThread "Unconstrained build operations Thread 10" [_thread_blocked, id=1492, stack(0x0000004017600000,0x0000004017700000)]
  0x0000016c091b94e0 JavaThread "Unconstrained build operations Thread 11" [_thread_blocked, id=9824, stack(0x0000004017700000,0x0000004017800000)]
  0x0000016c091b7680 JavaThread "Unconstrained build operations Thread 12" [_thread_blocked, id=13776, stack(0x0000004017800000,0x0000004017900000)]
  0x0000016c091b7b90 JavaThread "Memory manager" [_thread_blocked, id=10024, stack(0x0000004016300000,0x0000004016400000)]
  0x0000016c07379ec0 JavaThread "build event listener" [_thread_blocked, id=10084, stack(0x0000004017900000,0x0000004017a00000)]
  0x0000016c0737b300 JavaThread "ForkJoinPool.commonPool-worker-3" daemon [_thread_blocked, id=8680, stack(0x0000004017d00000,0x0000004017e00000)]
  0x0000016c0737d670 JavaThread "included builds" [_thread_blocked, id=3912, stack(0x0000004018100000,0x0000004018200000)]
  0x0000016c0737e090 JavaThread "Execution worker" [_thread_blocked, id=10928, stack(0x0000004018200000,0x0000004018300000)]
  0x0000016c0737efc0 JavaThread "Execution worker Thread 2" [_thread_blocked, id=3020, stack(0x0000004018300000,0x0000004018400000)]
  0x0000016c0737db80 JavaThread "Execution worker Thread 3" [_thread_blocked, id=8876, stack(0x0000004018400000,0x0000004018500000)]
  0x0000016c0737eab0 JavaThread "Cache worker for execution history cache (C:\Users\Shyly\AndroidStudioProjects\ShopLedger\.gradle\9.3.1\executionHistory)" [_thread_blocked, id=2256, stack(0x0000004018500000,0x0000004018600000)]
  0x0000016c0737a8e0 JavaThread "Unconstrained build operations Thread 13" [_thread_blocked, id=6956, stack(0x0000004018600000,0x0000004018700000)]
  0x0000016c07378060 JavaThread "Unconstrained build operations Thread 14" [_thread_blocked, id=13672, stack(0x0000004018700000,0x0000004018800000)]
  0x0000016c0737adf0 JavaThread "Unconstrained build operations Thread 15" [_thread_blocked, id=4912, stack(0x0000004018800000,0x0000004018900000)]
  0x0000016c07378a80 JavaThread "Unconstrained build operations Thread 16" [_thread_blocked, id=13516, stack(0x0000004018900000,0x0000004018a00000)]
  0x0000016c0737f4d0 JavaThread "Unconstrained build operations Thread 17" [_thread_blocked, id=5012, stack(0x0000004018a00000,0x0000004018b00000)]
  0x0000016c073794a0 JavaThread "Unconstrained build operations Thread 18" [_thread_blocked, id=13352, stack(0x0000004018b00000,0x0000004018c00000)]
  0x0000016c0b724ff0 JavaThread "Unconstrained build operations Thread 19" [_thread_blocked, id=4368, stack(0x0000004018c00000,0x0000004018d00000)]
  0x0000016c0b725500 JavaThread "Unconstrained build operations Thread 20" [_thread_blocked, id=4660, stack(0x0000004018d00000,0x0000004018e00000)]
  0x0000016c0b722260 JavaThread "Unconstrained build operations Thread 21" [_thread_blocked, id=3380, stack(0x0000004018e00000,0x0000004018f00000)]
  0x0000016c0b721d50 JavaThread "Unconstrained build operations Thread 22" [_thread_blocked, id=8756, stack(0x0000004018f00000,0x0000004019000000)]
  0x0000016c0b7236a0 JavaThread "Unconstrained build operations Thread 23" [_thread_blocked, id=1600, stack(0x0000004019000000,0x0000004019100000)]
  0x0000016c0b722770 JavaThread "Unconstrained build operations Thread 24" [_thread_blocked, id=10704, stack(0x0000004019100000,0x0000004019200000)]
  0x0000016c0b722c80 JavaThread "Unconstrained build operations Thread 25" [_thread_blocked, id=4100, stack(0x0000004019200000,0x0000004019300000)]
  0x0000016c0b723190 JavaThread "Unconstrained build operations Thread 26" [_thread_blocked, id=13964, stack(0x0000004017a00000,0x0000004017b00000)]
  0x0000016c0b723bb0 JavaThread "Unconstrained build operations Thread 27" [_thread_blocked, id=8824, stack(0x0000004019300000,0x0000004019400000)]
  0x0000016c0b7240c0 JavaThread "Unconstrained build operations Thread 28" [_thread_blocked, id=13800, stack(0x0000004019400000,0x0000004019500000)]
  0x0000016c0b724ae0 JavaThread "Unconstrained build operations Thread 29" [_thread_blocked, id=9392, stack(0x0000004019600000,0x0000004019700000)]
  0x0000016c0dde18c0 JavaThread "Unconstrained build operations Thread 30" [_thread_blocked, id=6680, stack(0x0000004019700000,0x0000004019800000)]
  0x0000016c0dde22e0 JavaThread "Unconstrained build operations Thread 31" [_thread_blocked, id=1976, stack(0x0000004019800000,0x0000004019900000)]
  0x0000016c0dde13b0 JavaThread "Unconstrained build operations Thread 32" [_thread_blocked, id=10276, stack(0x0000004019900000,0x0000004019a00000)]
  0x0000016c0dddeb30 JavaThread "Unconstrained build operations Thread 33" [_thread_blocked, id=6020, stack(0x0000004019a00000,0x0000004019b00000)]
  0x0000016c0dddf040 JavaThread "Unconstrained build operations Thread 34" [_thread_blocked, id=7952, stack(0x0000004019b00000,0x0000004019c00000)]
  0x0000016c0dddf550 JavaThread "Unconstrained build operations Thread 35" [_thread_blocked, id=2024, stack(0x0000004019c00000,0x0000004019d00000)]
  0x0000016c0dde0ea0 JavaThread "Unconstrained build operations Thread 36" [_thread_blocked, id=5224, stack(0x0000004019d00000,0x0000004019e00000)]
  0x0000016c0dddff70 JavaThread "Unconstrained build operations Thread 37" [_thread_blocked, id=9208, stack(0x0000004019e00000,0x0000004019f00000)]
  0x0000016c0c5ca4e0 JavaThread "WorkerExecutor Queue" [_thread_blocked, id=11004, stack(0x0000004019500000,0x0000004019600000)]
  0x0000016c0c5c90a0 JavaThread "Unconstrained build operations Thread 38" [_thread_blocked, id=8760, stack(0x000000401a000000,0x000000401a100000)]
  0x0000016c0c5c44b0 JavaThread "Unconstrained build operations Thread 39" [_thread_blocked, id=1192, stack(0x000000401a100000,0x000000401a200000)]
  0x0000016c0c5cb410 JavaThread "Unconstrained build operations Thread 40" [_thread_blocked, id=7100, stack(0x000000401a200000,0x000000401a300000)]
  0x0000016c0c5c7750 JavaThread "RMI Scheduler(0)" daemon [_thread_blocked, id=13376, stack(0x000000401a300000,0x000000401a400000)]
  0x0000016c0c5c49c0 JavaThread "RMI RenewClean-[127.0.0.1:17966,org.jetbrains.kotlin.daemon.common.LoopbackNetworkInterface$ClientLoopbackSocketFactory@24fd6665]" daemon [_thread_blocked, id=2016, stack(0x000000401a400000,0x000000401a500000)]
  0x0000016c0c5cb920 JavaThread "RMI GC Daemon" daemon [_thread_blocked, id=6408, stack(0x000000401a600000,0x000000401a700000)]
  0x0000016c0c5c8170 JavaThread "RMI TCP Accept-0" daemon [_thread_in_native, id=2664, stack(0x000000401a800000,0x000000401a900000)]
  0x0000016c0c5c4ed0 JavaThread "RMI Reaper" [_thread_blocked, id=3540, stack(0x000000401a900000,0x000000401aa00000)]
  0x0000016c0c5c7240 JavaThread "WorkerExecutor Queue Thread 2" [_thread_blocked, id=9512, stack(0x000000401ab00000,0x000000401ac00000)]
  0x0000016c141cc610 JavaThread "WorkerExecutor Queue Thread 3" [_thread_blocked, id=2768, stack(0x0000004013e00000,0x0000004013f00000)]
  0x0000016c141cacc0 JavaThread "WorkerExecutor Queue Thread 4" [_thread_blocked, id=808, stack(0x0000004013f00000,0x0000004014000000)]
  0x0000016c0a850d60 JavaThread "pool-3-thread-1" [_thread_blocked, id=5428, stack(0x0000004014000000,0x0000004014100000)]
  0x0000016c141cc100 JavaThread "stderr" [_thread_in_native, id=2468, stack(0x0000004017b00000,0x0000004017c00000)]
  0x0000016c141cb1d0 JavaThread "stdout" [_thread_in_native, id=12788, stack(0x0000004017c00000,0x0000004017d00000)]

Other Threads:
=>0x0000016bc1e6f6c0 VMThread "VM Thread" [stack: 0x0000004014700000,0x0000004014800000] [id=9220]
  0x0000016c07134580 WatcherThread [stack: 0x0000004015300000,0x0000004015400000] [id=2264]
  0x0000016ba429d6e0 GCTaskThread "GC Thread#0" [stack: 0x0000004014200000,0x0000004014300000] [id=10648]
  0x0000016c072f5ea0 GCTaskThread "GC Thread#1" [stack: 0x0000004015400000,0x0000004015500000] [id=11292]
  0x0000016c072ae2a0 GCTaskThread "GC Thread#2" [stack: 0x0000004015500000,0x0000004015600000] [id=7024]
  0x0000016c07d749a0 GCTaskThread "GC Thread#3" [stack: 0x0000004015700000,0x0000004015800000] [id=12884]
  0x0000016ba42af640 ConcurrentGCThread "G1 Main Marker" [stack: 0x0000004014300000,0x0000004014400000] [id=11524]
  0x0000016ba42b0800 ConcurrentGCThread "G1 Conc#0" [stack: 0x0000004014400000,0x0000004014500000] [id=10436]
  0x0000016bc1d320c0 ConcurrentGCThread "G1 Refine#0" [stack: 0x0000004014500000,0x0000004014600000] [id=10176]
  0x0000016c0a7660d0 ConcurrentGCThread "G1 Refine#1" [stack: 0x000000401ac00000,0x000000401ad00000] [id=3036]
  0x0000016c0a7663c0 ConcurrentGCThread "G1 Refine#2" [stack: 0x000000401ad00000,0x000000401ae00000] [id=2332]
  0x0000016c0a765510 ConcurrentGCThread "G1 Refine#3" [stack: 0x000000401ae00000,0x000000401af00000] [id=2948]
  0x0000016bc1d33b00 ConcurrentGCThread "G1 Service" [stack: 0x0000004014600000,0x0000004014700000] [id=2272]

Threads with active compile tasks:
C2 CompilerThread0  200919 25606       4       com.android.tools.r8.internal.eu1::a (288 bytes)

VM state: at safepoint (normal execution)

VM Mutex/Monitor currently owned by a thread:  ([mutex/lock_event])
[0x0000016ba423ebc0] Threads_lock - owner thread: 0x0000016bc1e6f6c0
[0x0000016ba423f160] Heap_lock - owner thread: 0x0000016ba42af640

Heap address: 0x0000000080000000, size: 2048 MB, Compressed Oops mode: 32-bit

CDS archive(s) mapped at: [0x0000016bc2000000-0x0000016bc2bb0000-0x0000016bc2bb0000), size 12255232, SharedBaseAddress: 0x0000016bc2000000, ArchiveRelocationMode: 1.
Compressed class space mapped at: 0x0000016bc3000000-0x0000016c03000000, reserved size: 1073741824
Narrow klass base: 0x0000016bc2000000, Narrow klass shift: 0, Narrow klass range: 0x100000000

GC Precious Log:
 CPUs: 4 total, 4 available
 Memory: 8069M
 Large Page Support: Disabled
 NUMA Support: Disabled
 Compressed Oops: Enabled (32-bit)
 Heap Region Size: 1M
 Heap Min Capacity: 8M
 Heap Initial Capacity: 128M
 Heap Max Capacity: 2G
 Pre-touch: Disabled
 Parallel Workers: 4
 Concurrent Workers: 1
 Concurrent Refinement Workers: 4
 Periodic GC: Disabled

Heap:
 garbage-first heap   total 1282048K, used 1078652K [0x0000000080000000, 0x0000000100000000)
  region size 1024K, 11 young (11264K), 5 survivors (5120K)
 Metaspace       used 121238K, committed 122304K, reserved 1179648K
  class space    used 16587K, committed 17152K, reserved 1048576K

Heap Regions: E=young(eden), S=young(survivor), O=old, HS=humongous(starts), HC=humongous(continues), CS=collection set, F=free, OA=open archive, CA=closed archive, TAMS=top-at-mark-start (previous, next)
|   0|0x0000000080000000, 0x0000000080100000, 0x0000000080100000|100%|HS|  |TAMS 0x0000000080100000, 0x0000000080000000| Complete 
|   1|0x0000000080100000, 0x0000000080200000, 0x0000000080200000|100%|HC|  |TAMS 0x0000000080200000, 0x0000000080100000| Complete 
|   2|0x0000000080200000, 0x0000000080300000, 0x0000000080300000|100%|HC|  |TAMS 0x0000000080300000, 0x0000000080200000| Complete 
|   3|0x0000000080300000, 0x0000000080400000, 0x0000000080400000|100%|HC|  |TAMS 0x0000000080400000, 0x0000000080300000| Complete 
|   4|0x0000000080400000, 0x0000000080500000, 0x0000000080500000|100%| O|  |TAMS 0x0000000080500000, 0x0000000080400000| Untracked 
|   5|0x0000000080500000, 0x0000000080600000, 0x0000000080600000|100%| O|  |TAMS 0x0000000080600000, 0x0000000080500000| Untracked 
|   6|0x0000000080600000, 0x0000000080700000, 0x0000000080700000|100%| O|  |TAMS 0x0000000080700000, 0x0000000080600000| Untracked 
|   7|0x0000000080700000, 0x0000000080800000, 0x0000000080800000|100%| O|  |TAMS 0x0000000080800000, 0x0000000080700000| Untracked 
|   8|0x0000000080800000, 0x0000000080900000, 0x0000000080900000|100%|HS|  |TAMS 0x0000000080900000, 0x0000000080800000| Complete 
|   9|0x0000000080900000, 0x0000000080a00000, 0x0000000080a00000|100%| O|  |TAMS 0x0000000080a00000, 0x0000000080900000| Untracked 
|  10|0x0000000080a00000, 0x0000000080b00000, 0x0000000080b00000|100%| O|  |TAMS 0x0000000080b00000, 0x0000000080a00000| Untracked 
|  11|0x0000000080b00000, 0x0000000080c00000, 0x0000000080c00000|100%| O|  |TAMS 0x0000000080c00000, 0x0000000080b00000| Untracked 
|  12|0x0000000080c00000, 0x0000000080d00000, 0x0000000080d00000|100%| O|  |TAMS 0x0000000080d00000, 0x0000000080c00000| Untracked 
|  13|0x0000000080d00000, 0x0000000080e00000, 0x0000000080e00000|100%| O|  |TAMS 0x0000000080e00000, 0x0000000080d00000| Untracked 
|  14|0x0000000080e00000, 0x0000000080f00000, 0x0000000080f00000|100%| O|  |TAMS 0x0000000080f00000, 0x0000000080e00000| Untracked 
|  15|0x0000000080f00000, 0x0000000081000000, 0x0000000081000000|100%| O|  |TAMS 0x0000000081000000, 0x0000000080f00000| Untracked 
|  16|0x0000000081000000, 0x0000000081100000, 0x0000000081100000|100%| O|  |TAMS 0x0000000081100000, 0x0000000081000000| Untracked 
|  17|0x0000000081100000, 0x0000000081200000, 0x0000000081200000|100%| O|  |TAMS 0x0000000081200000, 0x0000000081100000| Untracked 
|  18|0x0000000081200000, 0x0000000081300000, 0x0000000081300000|100%| O|  |TAMS 0x0000000081300000, 0x0000000081200000| Untracked 
|  19|0x0000000081300000, 0x0000000081400000, 0x0000000081400000|100%| O|  |TAMS 0x0000000081400000, 0x0000000081300000| Untracked 
|  20|0x0000000081400000, 0x0000000081500000, 0x0000000081500000|100%| O|  |TAMS 0x0000000081500000, 0x0000000081400000| Untracked 
|  21|0x0000000081500000, 0x0000000081600000, 0x0000000081600000|100%| O|  |TAMS 0x0000000081600000, 0x0000000081500000| Untracked 
|  22|0x0000000081600000, 0x0000000081700000, 0x0000000081700000|100%| O|  |TAMS 0x0000000081700000, 0x0000000081600000| Untracked 
|  23|0x0000000081700000, 0x0000000081800000, 0x0000000081800000|100%| O|  |TAMS 0x0000000081800000, 0x0000000081700000| Untracked 
|  24|0x0000000081800000, 0x0000000081900000, 0x0000000081900000|100%| O|  |TAMS 0x0000000081900000, 0x0000000081800000| Untracked 
|  25|0x0000000081900000, 0x0000000081a00000, 0x0000000081a00000|100%| O|  |TAMS 0x0000000081a00000, 0x0000000081900000| Updating 
|  26|0x0000000081a00000, 0x0000000081b00000, 0x0000000081b00000|100%| O|  |TAMS 0x0000000081b00000, 0x0000000081a00000| Untracked 
|  27|0x0000000081b00000, 0x0000000081c00000, 0x0000000081c00000|100%| O|  |TAMS 0x0000000081c00000, 0x0000000081b00000| Untracked 
|  28|0x0000000081c00000, 0x0000000081d00000, 0x0000000081d00000|100%| O|  |TAMS 0x0000000081d00000, 0x0000000081c00000| Untracked 
|  29|0x0000000081d00000, 0x0000000081e00000, 0x0000000081e00000|100%| O|  |TAMS 0x0000000081e00000, 0x0000000081d00000| Untracked 
|  30|0x0000000081e00000, 0x0000000081f00000, 0x0000000081f00000|100%| O|  |TAMS 0x0000000081f00000, 0x0000000081e00000| Untracked 
|  31|0x0000000081f00000, 0x0000000082000000, 0x0000000082000000|100%| O|  |TAMS 0x0000000082000000, 0x0000000081f00000| Updating 
|  32|0x0000000082000000, 0x0000000082100000, 0x0000000082100000|100%| O|  |TAMS 0x0000000082100000, 0x0000000082000000| Untracked 
|  33|0x0000000082100000, 0x0000000082200000, 0x0000000082200000|100%| O|  |TAMS 0x0000000082200000, 0x0000000082100000| Updating 
|  34|0x0000000082200000, 0x0000000082300000, 0x0000000082300000|100%| O|  |TAMS 0x0000000082300000, 0x0000000082200000| Untracked 
|  35|0x0000000082300000, 0x0000000082400000, 0x0000000082400000|100%| O|  |TAMS 0x0000000082400000, 0x0000000082300000| Untracked 
|  36|0x0000000082400000, 0x0000000082500000, 0x0000000082500000|100%| O|  |TAMS 0x0000000082500000, 0x0000000082400000| Untracked 
|  37|0x0000000082500000, 0x0000000082600000, 0x0000000082600000|100%| O|  |TAMS 0x0000000082600000, 0x0000000082500000| Untracked 
|  38|0x0000000082600000, 0x0000000082700000, 0x0000000082700000|100%| O|  |TAMS 0x0000000082700000, 0x0000000082600000| Updating 
|  39|0x0000000082700000, 0x0000000082800000, 0x0000000082800000|100%| O|  |TAMS 0x0000000082800000, 0x0000000082700000| Untracked 
|  40|0x0000000082800000, 0x0000000082900000, 0x0000000082900000|100%| O|  |TAMS 0x0000000082900000, 0x0000000082800000| Updating 
|  41|0x0000000082900000, 0x0000000082a00000, 0x0000000082a00000|100%|HS|  |TAMS 0x0000000082a00000, 0x0000000082900000| Complete 
|  42|0x0000000082a00000, 0x0000000082b00000, 0x0000000082b00000|100%|HS|  |TAMS 0x0000000082b00000, 0x0000000082a00000| Complete 
|  43|0x0000000082b00000, 0x0000000082c00000, 0x0000000082c00000|100%| O|  |TAMS 0x0000000082c00000, 0x0000000082b00000| Untracked 
|  44|0x0000000082c00000, 0x0000000082d00000, 0x0000000082d00000|100%| O|  |TAMS 0x0000000082d00000, 0x0000000082c00000| Updating 
|  45|0x0000000082d00000, 0x0000000082e00000, 0x0000000082e00000|100%|HS|  |TAMS 0x0000000082e00000, 0x0000000082d00000| Complete 
|  46|0x0000000082e00000, 0x0000000082f00000, 0x0000000082f00000|100%|HC|  |TAMS 0x0000000082f00000, 0x0000000082e00000| Complete 
|  47|0x0000000082f00000, 0x0000000083000000, 0x0000000083000000|100%|HS|  |TAMS 0x0000000083000000, 0x0000000082f00000| Complete 
|  48|0x0000000083000000, 0x0000000083100000, 0x0000000083100000|100%| O|  |TAMS 0x0000000083100000, 0x0000000083000000| Updating 
|  49|0x0000000083100000, 0x0000000083200000, 0x0000000083200000|100%|HS|  |TAMS 0x0000000083200000, 0x0000000083100000| Complete 
|  50|0x0000000083200000, 0x0000000083300000, 0x0000000083300000|100%|HS|  |TAMS 0x0000000083300000, 0x0000000083200000| Complete 
|  51|0x0000000083300000, 0x0000000083400000, 0x0000000083400000|100%|HS|  |TAMS 0x0000000083400000, 0x0000000083300000| Complete 
|  52|0x0000000083400000, 0x0000000083500000, 0x0000000083500000|100%| O|  |TAMS 0x0000000083500000, 0x0000000083400000| Updating 
|  53|0x0000000083500000, 0x0000000083600000, 0x0000000083600000|100%| O|  |TAMS 0x0000000083600000, 0x0000000083500000| Untracked 
|  54|0x0000000083600000, 0x0000000083700000, 0x0000000083700000|100%| O|  |TAMS 0x0000000083700000, 0x0000000083600000| Untracked 
|  55|0x0000000083700000, 0x0000000083800000, 0x0000000083800000|100%| O|  |TAMS 0x0000000083800000, 0x0000000083700000| Updating 
|  56|0x0000000083800000, 0x0000000083900000, 0x0000000083900000|100%| O|  |TAMS 0x0000000083900000, 0x0000000083800000| Untracked 
|  57|0x0000000083900000, 0x0000000083a00000, 0x0000000083a00000|100%| O|  |TAMS 0x0000000083a00000, 0x0000000083900000| Untracked 
|  58|0x0000000083a00000, 0x0000000083b00000, 0x0000000083b00000|100%|HS|  |TAMS 0x0000000083b00000, 0x0000000083a00000| Complete 
|  59|0x0000000083b00000, 0x0000000083c00000, 0x0000000083c00000|100%|HC|  |TAMS 0x0000000083c00000, 0x0000000083b00000| Complete 
|  60|0x0000000083c00000, 0x0000000083d00000, 0x0000000083d00000|100%| O|  |TAMS 0x0000000083d00000, 0x0000000083c00000| Untracked 
|  61|0x0000000083d00000, 0x0000000083e00000, 0x0000000083e00000|100%| O|  |TAMS 0x0000000083e00000, 0x0000000083d00000| Untracked 
|  62|0x0000000083e00000, 0x0000000083f00000, 0x0000000083f00000|100%| O|  |TAMS 0x0000000083f00000, 0x0000000083e00000| Untracked 
|  63|0x0000000083f00000, 0x0000000084000000, 0x0000000084000000|100%| O|  |TAMS 0x0000000084000000, 0x0000000083f00000| Untracked 
|  64|0x0000000084000000, 0x0000000084100000, 0x0000000084100000|100%| O|  |TAMS 0x0000000084100000, 0x0000000084000000| Untracked 
|  65|0x0000000084100000, 0x0000000084200000, 0x0000000084200000|100%| O|  |TAMS 0x0000000084200000, 0x0000000084100000| Untracked 
|  66|0x0000000084200000, 0x0000000084300000, 0x0000000084300000|100%| O|  |TAMS 0x0000000084300000, 0x0000000084200000| Untracked 
|  67|0x0000000084300000, 0x0000000084400000, 0x0000000084400000|100%|HS|  |TAMS 0x0000000084400000, 0x0000000084300000| Complete 
|  68|0x0000000084400000, 0x0000000084500000, 0x0000000084500000|100%| O|  |TAMS 0x0000000084500000, 0x0000000084400000| Untracked 
|  69|0x0000000084500000, 0x0000000084600000, 0x0000000084600000|100%| O|  |TAMS 0x0000000084600000, 0x0000000084500000| Untracked 
|  70|0x0000000084600000, 0x0000000084700000, 0x0000000084700000|100%| O|  |TAMS 0x0000000084700000, 0x0000000084600000| Untracked 
|  71|0x0000000084700000, 0x0000000084800000, 0x0000000084800000|100%| O|  |TAMS 0x0000000084800000, 0x0000000084700000| Updating 
|  72|0x0000000084800000, 0x0000000084900000, 0x0000000084900000|100%| O|  |TAMS 0x0000000084900000, 0x0000000084800000| Updating 
|  73|0x0000000084900000, 0x0000000084a00000, 0x0000000084a00000|100%| O|  |TAMS 0x0000000084a00000, 0x0000000084900000| Untracked 
|  74|0x0000000084a00000, 0x0000000084b00000, 0x0000000084b00000|100%| O|  |TAMS 0x0000000084b00000, 0x0000000084a00000| Untracked 
|  75|0x0000000084b00000, 0x0000000084c00000, 0x0000000084c00000|100%| O|  |TAMS 0x0000000084c00000, 0x0000000084b00000| Updating 
|  76|0x0000000084c00000, 0x0000000084d00000, 0x0000000084d00000|100%| O|  |TAMS 0x0000000084d00000, 0x0000000084c00000| Untracked 
|  77|0x0000000084d00000, 0x0000000084e00000, 0x0000000084e00000|100%| O|  |TAMS 0x0000000084e00000, 0x0000000084d00000| Untracked 
|  78|0x0000000084e00000, 0x0000000084f00000, 0x0000000084f00000|100%| O|  |TAMS 0x0000000084f00000, 0x0000000084e00000| Untracked 
|  79|0x0000000084f00000, 0x0000000085000000, 0x0000000085000000|100%| O|  |TAMS 0x0000000085000000, 0x0000000084f00000| Untracked 
|  80|0x0000000085000000, 0x0000000085100000, 0x0000000085100000|100%| O|  |TAMS 0x0000000085100000, 0x0000000085000000| Untracked 
|  81|0x0000000085100000, 0x0000000085200000, 0x0000000085200000|100%| O|  |TAMS 0x0000000085200000, 0x0000000085100000| Updating 
|  82|0x0000000085200000, 0x0000000085300000, 0x0000000085300000|100%| O|  |TAMS 0x0000000085300000, 0x0000000085200000| Untracked 
|  83|0x0000000085300000, 0x0000000085400000, 0x0000000085400000|100%| O|  |TAMS 0x0000000085400000, 0x0000000085300000| Untracked 
|  84|0x0000000085400000, 0x0000000085500000, 0x0000000085500000|100%| O|  |TAMS 0x0000000085500000, 0x0000000085400000| Untracked 
|  85|0x0000000085500000, 0x0000000085600000, 0x0000000085600000|100%| O|  |TAMS 0x0000000085600000, 0x0000000085500000| Untracked 
|  86|0x0000000085600000, 0x0000000085700000, 0x0000000085700000|100%| O|  |TAMS 0x0000000085700000, 0x0000000085600000| Untracked 
|  87|0x0000000085700000, 0x0000000085800000, 0x0000000085800000|100%| O|  |TAMS 0x0000000085800000, 0x0000000085700000| Untracked 
|  88|0x0000000085800000, 0x0000000085900000, 0x0000000085900000|100%| O|  |TAMS 0x0000000085900000, 0x0000000085800000| Untracked 
|  89|0x0000000085900000, 0x0000000085a00000, 0x0000000085a00000|100%| O|  |TAMS 0x0000000085a00000, 0x0000000085900000| Updating 
|  90|0x0000000085a00000, 0x0000000085a00000, 0x0000000085b00000|  0%| F|  |TAMS 0x0000000085a00000, 0x0000000085a00000| Untracked 
|  91|0x0000000085b00000, 0x0000000085c00000, 0x0000000085c00000|100%| O|  |TAMS 0x0000000085c00000, 0x0000000085b00000| Untracked 
|  92|0x0000000085c00000, 0x0000000085d00000, 0x0000000085d00000|100%| O|  |TAMS 0x0000000085d00000, 0x0000000085c00000| Untracked 
|  93|0x0000000085d00000, 0x0000000085e00000, 0x0000000085e00000|100%| O|  |TAMS 0x0000000085e00000, 0x0000000085d00000| Untracked 
|  94|0x0000000085e00000, 0x0000000085f00000, 0x0000000085f00000|100%| O|  |TAMS 0x0000000085f00000, 0x0000000085e00000| Untracked 
|  95|0x0000000085f00000, 0x0000000086000000, 0x0000000086000000|100%| O|  |TAMS 0x0000000086000000, 0x0000000085f00000| Untracked 
|  96|0x0000000086000000, 0x0000000086100000, 0x0000000086100000|100%| O|  |TAMS 0x0000000086100000, 0x0000000086000000| Untracked 
|  97|0x0000000086100000, 0x0000000086200000, 0x0000000086200000|100%| O|  |TAMS 0x0000000086200000, 0x0000000086100000| Untracked 
|  98|0x0000000086200000, 0x0000000086300000, 0x0000000086300000|100%| O|  |TAMS 0x0000000086300000, 0x0000000086200000| Updating 
|  99|0x0000000086300000, 0x0000000086400000, 0x0000000086400000|100%| O|  |TAMS 0x0000000086400000, 0x0000000086300000| Updating 
| 100|0x0000000086400000, 0x0000000086500000, 0x0000000086500000|100%|HS|  |TAMS 0x0000000086500000, 0x0000000086400000| Complete 
| 101|0x0000000086500000, 0x0000000086600000, 0x0000000086600000|100%|HS|  |TAMS 0x0000000086600000, 0x0000000086500000| Complete 
| 102|0x0000000086600000, 0x0000000086700000, 0x0000000086700000|100%| O|  |TAMS 0x0000000086700000, 0x0000000086600000| Untracked 
| 103|0x0000000086700000, 0x0000000086800000, 0x0000000086800000|100%| O|  |TAMS 0x0000000086800000, 0x0000000086700000| Untracked 
| 104|0x0000000086800000, 0x0000000086900000, 0x0000000086900000|100%| O|  |TAMS 0x0000000086900000, 0x0000000086800000| Updating 
| 105|0x0000000086900000, 0x0000000086a00000, 0x0000000086a00000|100%| O|  |TAMS 0x0000000086a00000, 0x0000000086900000| Updating 
| 106|0x0000000086a00000, 0x0000000086b00000, 0x0000000086b00000|100%| O|  |TAMS 0x0000000086b00000, 0x0000000086a00000| Untracked 
| 107|0x0000000086b00000, 0x0000000086c00000, 0x0000000086c00000|100%| O|  |TAMS 0x0000000086c00000, 0x0000000086b00000| Untracked 
| 108|0x0000000086c00000, 0x0000000086d00000, 0x0000000086d00000|100%| O|  |TAMS 0x0000000086d00000, 0x0000000086c00000| Updating 
| 109|0x0000000086d00000, 0x0000000086e00000, 0x0000000086e00000|100%| O|  |TAMS 0x0000000086e00000, 0x0000000086d00000| Updating 
| 110|0x0000000086e00000, 0x0000000086f00000, 0x0000000086f00000|100%| O|  |TAMS 0x0000000086f00000, 0x0000000086e00000| Untracked 
| 111|0x0000000086f00000, 0x0000000087000000, 0x0000000087000000|100%| O|  |TAMS 0x0000000087000000, 0x0000000086f00000| Updating 
| 112|0x0000000087000000, 0x0000000087100000, 0x0000000087100000|100%| O|  |TAMS 0x0000000087100000, 0x0000000087000000| Updating 
| 113|0x0000000087100000, 0x0000000087100000, 0x0000000087200000|  0%| F|  |TAMS 0x0000000087100000, 0x0000000087100000| Untracked 
| 114|0x0000000087200000, 0x0000000087300000, 0x0000000087300000|100%| O|  |TAMS 0x0000000087300000, 0x0000000087200000| Updating 
| 115|0x0000000087300000, 0x0000000087400000, 0x0000000087400000|100%| O|  |TAMS 0x0000000087400000, 0x0000000087300000| Updating 
| 116|0x0000000087400000, 0x0000000087500000, 0x0000000087500000|100%| O|  |TAMS 0x0000000087500000, 0x0000000087400000| Updating 
| 117|0x0000000087500000, 0x0000000087600000, 0x0000000087600000|100%| O|  |TAMS 0x0000000087600000, 0x0000000087500000| Updating 
| 118|0x0000000087600000, 0x0000000087700000, 0x0000000087700000|100%| O|  |TAMS 0x0000000087700000, 0x0000000087600000| Updating 
| 119|0x0000000087700000, 0x0000000087800000, 0x0000000087800000|100%| O|  |TAMS 0x0000000087800000, 0x0000000087700000| Updating 
| 120|0x0000000087800000, 0x0000000087900000, 0x0000000087900000|100%| O|  |TAMS 0x0000000087900000, 0x0000000087800000| Updating 
| 121|0x0000000087900000, 0x0000000087a00000, 0x0000000087a00000|100%| O|  |TAMS 0x0000000087a00000, 0x0000000087900000| Updating 
| 122|0x0000000087a00000, 0x0000000087b00000, 0x0000000087b00000|100%| O|  |TAMS 0x0000000087b00000, 0x0000000087a00000| Updating 
| 123|0x0000000087b00000, 0x0000000087c00000, 0x0000000087c00000|100%| O|  |TAMS 0x0000000087c00000, 0x0000000087b00000| Updating 
| 124|0x0000000087c00000, 0x0000000087d00000, 0x0000000087d00000|100%| O|  |TAMS 0x0000000087d00000, 0x0000000087c00000| Updating 
| 125|0x0000000087d00000, 0x0000000087e00000, 0x0000000087e00000|100%| O|  |TAMS 0x0000000087e00000, 0x0000000087d00000| Updating 
| 126|0x0000000087e00000, 0x0000000087f00000, 0x0000000087f00000|100%| O|  |TAMS 0x0000000087f00000, 0x0000000087e00000| Updating 
| 127|0x0000000087f00000, 0x0000000088000000, 0x0000000088000000|100%| O|  |TAMS 0x0000000088000000, 0x0000000087f00000| Updating 
| 128|0x0000000088000000, 0x0000000088100000, 0x0000000088100000|100%| O|  |TAMS 0x0000000088100000, 0x0000000088000000| Updating 
| 129|0x0000000088100000, 0x0000000088200000, 0x0000000088200000|100%| O|  |TAMS 0x0000000088200000, 0x0000000088100000| Updating 
| 130|0x0000000088200000, 0x0000000088300000, 0x0000000088300000|100%| O|  |TAMS 0x0000000088300000, 0x0000000088200000| Updating 
| 131|0x0000000088300000, 0x0000000088400000, 0x0000000088400000|100%| O|  |TAMS 0x0000000088400000, 0x0000000088300000| Updating 
| 132|0x0000000088400000, 0x0000000088500000, 0x0000000088500000|100%| O|  |TAMS 0x0000000088500000, 0x0000000088400000| Updating 
| 133|0x0000000088500000, 0x0000000088600000, 0x0000000088600000|100%| O|  |TAMS 0x0000000088600000, 0x0000000088500000| Updating 
| 134|0x0000000088600000, 0x0000000088700000, 0x0000000088700000|100%| O|  |TAMS 0x0000000088700000, 0x0000000088600000| Updating 
| 135|0x0000000088700000, 0x0000000088700000, 0x0000000088800000|  0%| F|  |TAMS 0x0000000088700000, 0x0000000088700000| Untracked 
| 136|0x0000000088800000, 0x0000000088900000, 0x0000000088900000|100%| O|  |TAMS 0x0000000088900000, 0x0000000088800000| Updating 
| 137|0x0000000088900000, 0x0000000088900000, 0x0000000088a00000|  0%| F|  |TAMS 0x0000000088900000, 0x0000000088900000| Untracked 
| 138|0x0000000088a00000, 0x0000000088b00000, 0x0000000088b00000|100%| O|  |TAMS 0x0000000088b00000, 0x0000000088a00000| Updating 
| 139|0x0000000088b00000, 0x0000000088b00000, 0x0000000088c00000|  0%| F|  |TAMS 0x0000000088b00000, 0x0000000088b00000| Untracked 
| 140|0x0000000088c00000, 0x0000000088d00000, 0x0000000088d00000|100%| O|  |TAMS 0x0000000088d00000, 0x0000000088c00000| Updating 
| 141|0x0000000088d00000, 0x0000000088d00000, 0x0000000088e00000|  0%| F|  |TAMS 0x0000000088d00000, 0x0000000088d00000| Untracked 
| 142|0x0000000088e00000, 0x0000000088f00000, 0x0000000088f00000|100%| O|  |TAMS 0x0000000088f00000, 0x0000000088e00000| Updating 
| 143|0x0000000088f00000, 0x0000000088f00000, 0x0000000089000000|  0%| F|  |TAMS 0x0000000088f00000, 0x0000000088f00000| Untracked 
| 144|0x0000000089000000, 0x0000000089100000, 0x0000000089100000|100%| O|  |TAMS 0x0000000089100000, 0x0000000089000000| Updating 
| 145|0x0000000089100000, 0x0000000089100000, 0x0000000089200000|  0%| F|  |TAMS 0x0000000089100000, 0x0000000089100000| Untracked 
| 146|0x0000000089200000, 0x0000000089300000, 0x0000000089300000|100%| O|  |TAMS 0x0000000089300000, 0x0000000089200000| Updating 
| 147|0x0000000089300000, 0x0000000089400000, 0x0000000089400000|100%| O|  |TAMS 0x0000000089400000, 0x0000000089300000| Updating 
| 148|0x0000000089400000, 0x0000000089500000, 0x0000000089500000|100%| O|  |TAMS 0x0000000089500000, 0x0000000089400000| Updating 
| 149|0x0000000089500000, 0x0000000089600000, 0x0000000089600000|100%| O|  |TAMS 0x0000000089600000, 0x0000000089500000| Updating 
| 150|0x0000000089600000, 0x0000000089700000, 0x0000000089700000|100%| O|  |TAMS 0x0000000089700000, 0x0000000089600000| Updating 
| 151|0x0000000089700000, 0x0000000089800000, 0x0000000089800000|100%| O|  |TAMS 0x0000000089800000, 0x0000000089700000| Updating 
| 152|0x0000000089800000, 0x0000000089900000, 0x0000000089900000|100%| O|  |TAMS 0x0000000089900000, 0x0000000089800000| Updating 
| 153|0x0000000089900000, 0x0000000089a00000, 0x0000000089a00000|100%| O|  |TAMS 0x0000000089a00000, 0x0000000089900000| Updating 
| 154|0x0000000089a00000, 0x0000000089b00000, 0x0000000089b00000|100%| O|  |TAMS 0x0000000089b00000, 0x0000000089a00000| Updating 
| 155|0x0000000089b00000, 0x0000000089c00000, 0x0000000089c00000|100%| O|  |TAMS 0x0000000089c00000, 0x0000000089b00000| Updating 
| 156|0x0000000089c00000, 0x0000000089d00000, 0x0000000089d00000|100%| O|  |TAMS 0x0000000089d00000, 0x0000000089c00000| Updating 
| 157|0x0000000089d00000, 0x0000000089e00000, 0x0000000089e00000|100%| O|  |TAMS 0x0000000089e00000, 0x0000000089d00000| Updating 
| 158|0x0000000089e00000, 0x0000000089f00000, 0x0000000089f00000|100%| O|  |TAMS 0x0000000089f00000, 0x0000000089e00000| Updating 
| 159|0x0000000089f00000, 0x000000008a000000, 0x000000008a000000|100%| O|  |TAMS 0x000000008a000000, 0x0000000089f00000| Updating 
| 160|0x000000008a000000, 0x000000008a100000, 0x000000008a100000|100%| O|  |TAMS 0x000000008a100000, 0x000000008a000000| Updating 
| 161|0x000000008a100000, 0x000000008a200000, 0x000000008a200000|100%| O|  |TAMS 0x000000008a200000, 0x000000008a100000| Updating 
| 162|0x000000008a200000, 0x000000008a300000, 0x000000008a300000|100%| O|  |TAMS 0x000000008a300000, 0x000000008a200000| Updating 
| 163|0x000000008a300000, 0x000000008a400000, 0x000000008a400000|100%| O|  |TAMS 0x000000008a400000, 0x000000008a300000| Updating 
| 164|0x000000008a400000, 0x000000008a500000, 0x000000008a500000|100%| O|  |TAMS 0x000000008a500000, 0x000000008a400000| Updating 
| 165|0x000000008a500000, 0x000000008a600000, 0x000000008a600000|100%| O|  |TAMS 0x000000008a600000, 0x000000008a500000| Updating 
| 166|0x000000008a600000, 0x000000008a700000, 0x000000008a700000|100%| O|  |TAMS 0x000000008a700000, 0x000000008a600000| Updating 
| 167|0x000000008a700000, 0x000000008a800000, 0x000000008a800000|100%| O|  |TAMS 0x000000008a800000, 0x000000008a700000| Updating 
| 168|0x000000008a800000, 0x000000008a900000, 0x000000008a900000|100%| O|  |TAMS 0x000000008a900000, 0x000000008a800000| Updating 
| 169|0x000000008a900000, 0x000000008aa00000, 0x000000008aa00000|100%| O|  |TAMS 0x000000008aa00000, 0x000000008a900000| Updating 
| 170|0x000000008aa00000, 0x000000008ab00000, 0x000000008ab00000|100%| O|  |TAMS 0x000000008ab00000, 0x000000008aa00000| Updating 
| 171|0x000000008ab00000, 0x000000008ac00000, 0x000000008ac00000|100%| O|  |TAMS 0x000000008ac00000, 0x000000008ab00000| Updating 
| 172|0x000000008ac00000, 0x000000008ad00000, 0x000000008ad00000|100%| O|  |TAMS 0x000000008ad00000, 0x000000008ac00000| Updating 
| 173|0x000000008ad00000, 0x000000008ae00000, 0x000000008ae00000|100%| O|  |TAMS 0x000000008ae00000, 0x000000008ad00000| Updating 
| 174|0x000000008ae00000, 0x000000008af00000, 0x000000008af00000|100%| O|  |TAMS 0x000000008af00000, 0x000000008ae00000| Updating 
| 175|0x000000008af00000, 0x000000008b000000, 0x000000008b000000|100%| O|  |TAMS 0x000000008b000000, 0x000000008af00000| Updating 
| 176|0x000000008b000000, 0x000000008b100000, 0x000000008b100000|100%| O|  |TAMS 0x000000008b100000, 0x000000008b000000| Updating 
| 177|0x000000008b100000, 0x000000008b200000, 0x000000008b200000|100%| O|  |TAMS 0x000000008b200000, 0x000000008b100000| Updating 
| 178|0x000000008b200000, 0x000000008b300000, 0x000000008b300000|100%| O|  |TAMS 0x000000008b300000, 0x000000008b200000| Updating 
| 179|0x000000008b300000, 0x000000008b400000, 0x000000008b400000|100%| O|  |TAMS 0x000000008b400000, 0x000000008b300000| Updating 
| 180|0x000000008b400000, 0x000000008b500000, 0x000000008b500000|100%| O|  |TAMS 0x000000008b500000, 0x000000008b400000| Updating 
| 181|0x000000008b500000, 0x000000008b600000, 0x000000008b600000|100%| O|  |TAMS 0x000000008b600000, 0x000000008b500000| Updating 
| 182|0x000000008b600000, 0x000000008b700000, 0x000000008b700000|100%| O|  |TAMS 0x000000008b700000, 0x000000008b600000| Updating 
| 183|0x000000008b700000, 0x000000008b800000, 0x000000008b800000|100%| O|  |TAMS 0x000000008b800000, 0x000000008b700000| Updating 
| 184|0x000000008b800000, 0x000000008b900000, 0x000000008b900000|100%| O|  |TAMS 0x000000008b900000, 0x000000008b800000| Updating 
| 185|0x000000008b900000, 0x000000008ba00000, 0x000000008ba00000|100%| O|  |TAMS 0x000000008ba00000, 0x000000008b900000| Updating 
| 186|0x000000008ba00000, 0x000000008bb00000, 0x000000008bb00000|100%| O|  |TAMS 0x000000008bb00000, 0x000000008ba00000| Updating 
| 187|0x000000008bb00000, 0x000000008bc00000, 0x000000008bc00000|100%| O|  |TAMS 0x000000008bc00000, 0x000000008bb00000| Updating 
| 188|0x000000008bc00000, 0x000000008bd00000, 0x000000008bd00000|100%| O|  |TAMS 0x000000008bd00000, 0x000000008bc00000| Updating 
| 189|0x000000008bd00000, 0x000000008be00000, 0x000000008be00000|100%| O|  |TAMS 0x000000008be00000, 0x000000008bd00000| Updating 
| 190|0x000000008be00000, 0x000000008bf00000, 0x000000008bf00000|100%| O|  |TAMS 0x000000008bf00000, 0x000000008be00000| Updating 
| 191|0x000000008bf00000, 0x000000008c000000, 0x000000008c000000|100%| O|  |TAMS 0x000000008c000000, 0x000000008bf00000| Updating 
| 192|0x000000008c000000, 0x000000008c100000, 0x000000008c100000|100%| O|  |TAMS 0x000000008c100000, 0x000000008c000000| Updating 
| 193|0x000000008c100000, 0x000000008c200000, 0x000000008c200000|100%| O|  |TAMS 0x000000008c200000, 0x000000008c100000| Updating 
| 194|0x000000008c200000, 0x000000008c300000, 0x000000008c300000|100%| O|  |TAMS 0x000000008c300000, 0x000000008c200000| Updating 
| 195|0x000000008c300000, 0x000000008c400000, 0x000000008c400000|100%| O|  |TAMS 0x000000008c400000, 0x000000008c300000| Updating 
| 196|0x000000008c400000, 0x000000008c500000, 0x000000008c500000|100%| O|  |TAMS 0x000000008c500000, 0x000000008c400000| Updating 
| 197|0x000000008c500000, 0x000000008c600000, 0x000000008c600000|100%| O|  |TAMS 0x000000008c600000, 0x000000008c500000| Updating 
| 198|0x000000008c600000, 0x000000008c700000, 0x000000008c700000|100%| O|  |TAMS 0x000000008c700000, 0x000000008c600000| Updating 
| 199|0x000000008c700000, 0x000000008c800000, 0x000000008c800000|100%| O|  |TAMS 0x000000008c800000, 0x000000008c700000| Updating 
| 200|0x000000008c800000, 0x000000008c900000, 0x000000008c900000|100%| O|  |TAMS 0x000000008c900000, 0x000000008c800000| Updating 
| 201|0x000000008c900000, 0x000000008ca00000, 0x000000008ca00000|100%| O|  |TAMS 0x000000008ca00000, 0x000000008c900000| Updating 
| 202|0x000000008ca00000, 0x000000008cb00000, 0x000000008cb00000|100%| O|  |TAMS 0x000000008cb00000, 0x000000008ca00000| Updating 
| 203|0x000000008cb00000, 0x000000008cc00000, 0x000000008cc00000|100%| O|  |TAMS 0x000000008cc00000, 0x000000008cb00000| Updating 
| 204|0x000000008cc00000, 0x000000008cd00000, 0x000000008cd00000|100%| O|  |TAMS 0x000000008cd00000, 0x000000008cc00000| Updating 
| 205|0x000000008cd00000, 0x000000008ce00000, 0x000000008ce00000|100%| O|  |TAMS 0x000000008ce00000, 0x000000008cd00000| Updating 
| 206|0x000000008ce00000, 0x000000008cf00000, 0x000000008cf00000|100%| O|  |TAMS 0x000000008cf00000, 0x000000008ce00000| Updating 
| 207|0x000000008cf00000, 0x000000008d000000, 0x000000008d000000|100%| O|  |TAMS 0x000000008d000000, 0x000000008cf00000| Updating 
| 208|0x000000008d000000, 0x000000008d100000, 0x000000008d100000|100%| O|  |TAMS 0x000000008d100000, 0x000000008d000000| Updating 
| 209|0x000000008d100000, 0x000000008d200000, 0x000000008d200000|100%| O|  |TAMS 0x000000008d200000, 0x000000008d100000| Updating 
| 210|0x000000008d200000, 0x000000008d300000, 0x000000008d300000|100%| O|  |TAMS 0x000000008d300000, 0x000000008d200000| Updating 
| 211|0x000000008d300000, 0x000000008d400000, 0x000000008d400000|100%| O|  |TAMS 0x000000008d400000, 0x000000008d300000| Updating 
| 212|0x000000008d400000, 0x000000008d500000, 0x000000008d500000|100%| O|  |TAMS 0x000000008d500000, 0x000000008d400000| Updating 
| 213|0x000000008d500000, 0x000000008d600000, 0x000000008d600000|100%| O|  |TAMS 0x000000008d600000, 0x000000008d500000| Updating 
| 214|0x000000008d600000, 0x000000008d700000, 0x000000008d700000|100%| O|  |TAMS 0x000000008d700000, 0x000000008d600000| Updating 
| 215|0x000000008d700000, 0x000000008d800000, 0x000000008d800000|100%| O|  |TAMS 0x000000008d800000, 0x000000008d700000| Updating 
| 216|0x000000008d800000, 0x000000008d900000, 0x000000008d900000|100%| O|  |TAMS 0x000000008d900000, 0x000000008d800000| Updating 
| 217|0x000000008d900000, 0x000000008da00000, 0x000000008da00000|100%| O|  |TAMS 0x000000008da00000, 0x000000008d900000| Updating 
| 218|0x000000008da00000, 0x000000008db00000, 0x000000008db00000|100%| O|  |TAMS 0x000000008db00000, 0x000000008da00000| Updating 
| 219|0x000000008db00000, 0x000000008dc00000, 0x000000008dc00000|100%| O|  |TAMS 0x000000008dc00000, 0x000000008db00000| Updating 
| 220|0x000000008dc00000, 0x000000008dd00000, 0x000000008dd00000|100%| O|  |TAMS 0x000000008dd00000, 0x000000008dc00000| Updating 
| 221|0x000000008dd00000, 0x000000008de00000, 0x000000008de00000|100%| O|  |TAMS 0x000000008de00000, 0x000000008dd00000| Updating 
| 222|0x000000008de00000, 0x000000008df00000, 0x000000008df00000|100%| O|  |TAMS 0x000000008df00000, 0x000000008de00000| Updating 
| 223|0x000000008df00000, 0x000000008e000000, 0x000000008e000000|100%| O|  |TAMS 0x000000008e000000, 0x000000008df00000| Updating 
| 224|0x000000008e000000, 0x000000008e100000, 0x000000008e100000|100%| O|  |TAMS 0x000000008e100000, 0x000000008e000000| Updating 
| 225|0x000000008e100000, 0x000000008e200000, 0x000000008e200000|100%| O|  |TAMS 0x000000008e200000, 0x000000008e100000| Updating 
| 226|0x000000008e200000, 0x000000008e300000, 0x000000008e300000|100%| O|  |TAMS 0x000000008e300000, 0x000000008e200000| Updating 
| 227|0x000000008e300000, 0x000000008e400000, 0x000000008e400000|100%| O|  |TAMS 0x000000008e400000, 0x000000008e300000| Updating 
| 228|0x000000008e400000, 0x000000008e500000, 0x000000008e500000|100%| O|  |TAMS 0x000000008e500000, 0x000000008e400000| Updating 
| 229|0x000000008e500000, 0x000000008e600000, 0x000000008e600000|100%| O|  |TAMS 0x000000008e600000, 0x000000008e500000| Updating 
| 230|0x000000008e600000, 0x000000008e700000, 0x000000008e700000|100%| O|  |TAMS 0x000000008e700000, 0x000000008e600000| Updating 
| 231|0x000000008e700000, 0x000000008e800000, 0x000000008e800000|100%| O|  |TAMS 0x000000008e800000, 0x000000008e700000| Updating 
| 232|0x000000008e800000, 0x000000008e900000, 0x000000008e900000|100%| O|  |TAMS 0x000000008e900000, 0x000000008e800000| Updating 
| 233|0x000000008e900000, 0x000000008ea00000, 0x000000008ea00000|100%| O|  |TAMS 0x000000008ea00000, 0x000000008e900000| Updating 
| 234|0x000000008ea00000, 0x000000008ea00000, 0x000000008eb00000|  0%| F|  |TAMS 0x000000008ea00000, 0x000000008ea00000| Untracked 
| 235|0x000000008eb00000, 0x000000008ec00000, 0x000000008ec00000|100%| O|  |TAMS 0x000000008ec00000, 0x000000008eb00000| Updating 
| 236|0x000000008ec00000, 0x000000008ed00000, 0x000000008ed00000|100%| O|  |TAMS 0x000000008ed00000, 0x000000008ec00000| Updating 
| 237|0x000000008ed00000, 0x000000008ee00000, 0x000000008ee00000|100%| O|  |TAMS 0x000000008ee00000, 0x000000008ed00000| Untracked 
| 238|0x000000008ee00000, 0x000000008ef00000, 0x000000008ef00000|100%| O|  |TAMS 0x000000008ef00000, 0x000000008ee00000| Updating 
| 239|0x000000008ef00000, 0x000000008f000000, 0x000000008f000000|100%| O|  |TAMS 0x000000008f000000, 0x000000008ef00000| Updating 
| 240|0x000000008f000000, 0x000000008f100000, 0x000000008f100000|100%| O|  |TAMS 0x000000008f100000, 0x000000008f000000| Updating 
| 241|0x000000008f100000, 0x000000008f100000, 0x000000008f200000|  0%| F|  |TAMS 0x000000008f100000, 0x000000008f100000| Untracked 
| 242|0x000000008f200000, 0x000000008f200000, 0x000000008f300000|  0%| F|  |TAMS 0x000000008f200000, 0x000000008f200000| Untracked 
| 243|0x000000008f300000, 0x000000008f400000, 0x000000008f400000|100%| O|  |TAMS 0x000000008f400000, 0x000000008f300000| Updating 
| 244|0x000000008f400000, 0x000000008f500000, 0x000000008f500000|100%| O|  |TAMS 0x000000008f500000, 0x000000008f400000| Updating 
| 245|0x000000008f500000, 0x000000008f600000, 0x000000008f600000|100%| O|  |TAMS 0x000000008f600000, 0x000000008f500000| Updating 
| 246|0x000000008f600000, 0x000000008f700000, 0x000000008f700000|100%| O|  |TAMS 0x000000008f700000, 0x000000008f600000| Updating 
| 247|0x000000008f700000, 0x000000008f800000, 0x000000008f800000|100%| O|  |TAMS 0x000000008f800000, 0x000000008f700000| Updating 
| 248|0x000000008f800000, 0x000000008f800000, 0x000000008f900000|  0%| F|  |TAMS 0x000000008f800000, 0x000000008f800000| Untracked 
| 249|0x000000008f900000, 0x000000008fa00000, 0x000000008fa00000|100%| O|  |TAMS 0x000000008fa00000, 0x000000008f900000| Updating 
| 250|0x000000008fa00000, 0x000000008fb00000, 0x000000008fb00000|100%| O|  |TAMS 0x000000008fb00000, 0x000000008fa00000| Updating 
| 251|0x000000008fb00000, 0x000000008fc00000, 0x000000008fc00000|100%| O|  |TAMS 0x000000008fc00000, 0x000000008fb00000| Updating 
| 252|0x000000008fc00000, 0x000000008fd00000, 0x000000008fd00000|100%| O|  |TAMS 0x000000008fd00000, 0x000000008fc00000| Updating 
| 253|0x000000008fd00000, 0x000000008fe00000, 0x000000008fe00000|100%| O|  |TAMS 0x000000008fe00000, 0x000000008fd00000| Updating 
| 254|0x000000008fe00000, 0x000000008ff00000, 0x000000008ff00000|100%| O|  |TAMS 0x000000008ff00000, 0x000000008fe00000| Updating 
| 255|0x000000008ff00000, 0x0000000090000000, 0x0000000090000000|100%| O|  |TAMS 0x0000000090000000, 0x000000008ff00000| Updating 
| 256|0x0000000090000000, 0x0000000090100000, 0x0000000090100000|100%| O|  |TAMS 0x0000000090100000, 0x0000000090000000| Updating 
| 257|0x0000000090100000, 0x0000000090200000, 0x0000000090200000|100%| O|  |TAMS 0x0000000090200000, 0x0000000090100000| Updating 
| 258|0x0000000090200000, 0x0000000090300000, 0x0000000090300000|100%| O|  |TAMS 0x0000000090300000, 0x0000000090200000| Updating 
| 259|0x0000000090300000, 0x0000000090400000, 0x0000000090400000|100%| O|  |TAMS 0x0000000090400000, 0x0000000090300000| Updating 
| 260|0x0000000090400000, 0x0000000090500000, 0x0000000090500000|100%| O|  |TAMS 0x0000000090500000, 0x0000000090400000| Updating 
| 261|0x0000000090500000, 0x0000000090500000, 0x0000000090600000|  0%| F|  |TAMS 0x0000000090500000, 0x0000000090500000| Untracked 
| 262|0x0000000090600000, 0x0000000090600000, 0x0000000090700000|  0%| F|  |TAMS 0x0000000090600000, 0x0000000090600000| Untracked 
| 263|0x0000000090700000, 0x0000000090800000, 0x0000000090800000|100%| O|  |TAMS 0x0000000090800000, 0x0000000090700000| Updating 
| 264|0x0000000090800000, 0x0000000090900000, 0x0000000090900000|100%| O|  |TAMS 0x0000000090900000, 0x0000000090800000| Updating 
| 265|0x0000000090900000, 0x0000000090a00000, 0x0000000090a00000|100%| O|  |TAMS 0x0000000090a00000, 0x0000000090900000| Untracked 
| 266|0x0000000090a00000, 0x0000000090b00000, 0x0000000090b00000|100%| O|  |TAMS 0x0000000090b00000, 0x0000000090a00000| Untracked 
| 267|0x0000000090b00000, 0x0000000090c00000, 0x0000000090c00000|100%| O|  |TAMS 0x0000000090c00000, 0x0000000090b00000| Untracked 
| 268|0x0000000090c00000, 0x0000000090d00000, 0x0000000090d00000|100%| O|  |TAMS 0x0000000090d00000, 0x0000000090c00000| Untracked 
| 269|0x0000000090d00000, 0x0000000090e00000, 0x0000000090e00000|100%| O|  |TAMS 0x0000000090e00000, 0x0000000090d00000| Untracked 
| 270|0x0000000090e00000, 0x0000000090f00000, 0x0000000090f00000|100%| O|  |TAMS 0x0000000090f00000, 0x0000000090e00000| Untracked 
| 271|0x0000000090f00000, 0x0000000091000000, 0x0000000091000000|100%| O|  |TAMS 0x0000000091000000, 0x0000000090f00000| Untracked 
| 272|0x0000000091000000, 0x0000000091100000, 0x0000000091100000|100%| O|  |TAMS 0x0000000091100000, 0x0000000091000000| Updating 
| 273|0x0000000091100000, 0x0000000091200000, 0x0000000091200000|100%| O|  |TAMS 0x0000000091200000, 0x0000000091100000| Updating 
| 274|0x0000000091200000, 0x0000000091300000, 0x0000000091300000|100%| O|  |TAMS 0x0000000091300000, 0x0000000091200000| Updating 
| 275|0x0000000091300000, 0x0000000091400000, 0x0000000091400000|100%| O|  |TAMS 0x0000000091400000, 0x0000000091300000| Updating 
| 276|0x0000000091400000, 0x0000000091500000, 0x0000000091500000|100%| O|  |TAMS 0x0000000091500000, 0x0000000091400000| Updating 
| 277|0x0000000091500000, 0x0000000091600000, 0x0000000091600000|100%| O|  |TAMS 0x0000000091600000, 0x0000000091500000| Updating 
| 278|0x0000000091600000, 0x0000000091700000, 0x0000000091700000|100%| O|  |TAMS 0x0000000091700000, 0x0000000091600000| Updating 
| 279|0x0000000091700000, 0x0000000091800000, 0x0000000091800000|100%| O|  |TAMS 0x0000000091800000, 0x0000000091700000| Updating 
| 280|0x0000000091800000, 0x0000000091900000, 0x0000000091900000|100%| O|  |TAMS 0x0000000091900000, 0x0000000091800000| Updating 
| 281|0x0000000091900000, 0x0000000091a00000, 0x0000000091a00000|100%| O|  |TAMS 0x0000000091a00000, 0x0000000091900000| Updating 
| 282|0x0000000091a00000, 0x0000000091b00000, 0x0000000091b00000|100%| O|  |TAMS 0x0000000091b00000, 0x0000000091a00000| Updating 
| 283|0x0000000091b00000, 0x0000000091c00000, 0x0000000091c00000|100%| O|  |TAMS 0x0000000091c00000, 0x0000000091b00000| Untracked 
| 284|0x0000000091c00000, 0x0000000091d00000, 0x0000000091d00000|100%| O|  |TAMS 0x0000000091d00000, 0x0000000091c00000| Updating 
| 285|0x0000000091d00000, 0x0000000091e00000, 0x0000000091e00000|100%| O|  |TAMS 0x0000000091e00000, 0x0000000091d00000| Updating 
| 286|0x0000000091e00000, 0x0000000091f00000, 0x0000000091f00000|100%| O|  |TAMS 0x0000000091f00000, 0x0000000091e00000| Updating 
| 287|0x0000000091f00000, 0x0000000092000000, 0x0000000092000000|100%| O|  |TAMS 0x0000000092000000, 0x0000000091f00000| Updating 
| 288|0x0000000092000000, 0x0000000092100000, 0x0000000092100000|100%| O|  |TAMS 0x0000000092100000, 0x0000000092000000| Updating 
| 289|0x0000000092100000, 0x0000000092200000, 0x0000000092200000|100%| O|  |TAMS 0x0000000092200000, 0x0000000092100000| Updating 
| 290|0x0000000092200000, 0x0000000092300000, 0x0000000092300000|100%| O|  |TAMS 0x0000000092300000, 0x0000000092200000| Updating 
| 291|0x0000000092300000, 0x0000000092400000, 0x0000000092400000|100%| O|  |TAMS 0x0000000092400000, 0x0000000092300000| Updating 
| 292|0x0000000092400000, 0x0000000092500000, 0x0000000092500000|100%| O|  |TAMS 0x0000000092500000, 0x0000000092400000| Updating 
| 293|0x0000000092500000, 0x0000000092600000, 0x0000000092600000|100%| O|  |TAMS 0x0000000092600000, 0x0000000092500000| Updating 
| 294|0x0000000092600000, 0x0000000092700000, 0x0000000092700000|100%| O|  |TAMS 0x0000000092700000, 0x0000000092600000| Updating 
| 295|0x0000000092700000, 0x0000000092800000, 0x0000000092800000|100%| O|  |TAMS 0x0000000092800000, 0x0000000092700000| Updating 
| 296|0x0000000092800000, 0x0000000092900000, 0x0000000092900000|100%| O|  |TAMS 0x0000000092900000, 0x0000000092800000| Updating 
| 297|0x0000000092900000, 0x0000000092a00000, 0x0000000092a00000|100%| O|  |TAMS 0x0000000092a00000, 0x0000000092900000| Updating 
| 298|0x0000000092a00000, 0x0000000092b00000, 0x0000000092b00000|100%| O|  |TAMS 0x0000000092b00000, 0x0000000092a00000| Updating 
| 299|0x0000000092b00000, 0x0000000092c00000, 0x0000000092c00000|100%| O|  |TAMS 0x0000000092c00000, 0x0000000092b00000| Updating 
| 300|0x0000000092c00000, 0x0000000092d00000, 0x0000000092d00000|100%| O|  |TAMS 0x0000000092d00000, 0x0000000092c00000| Updating 
| 301|0x0000000092d00000, 0x0000000092e00000, 0x0000000092e00000|100%| O|  |TAMS 0x0000000092e00000, 0x0000000092d00000| Updating 
| 302|0x0000000092e00000, 0x0000000092f00000, 0x0000000092f00000|100%| O|  |TAMS 0x0000000092f00000, 0x0000000092e00000| Updating 
| 303|0x0000000092f00000, 0x0000000092f00000, 0x0000000093000000|  0%| F|  |TAMS 0x0000000092f00000, 0x0000000092f00000| Untracked 
| 304|0x0000000093000000, 0x0000000093100000, 0x0000000093100000|100%| O|  |TAMS 0x0000000093100000, 0x0000000093000000| Updating 
| 305|0x0000000093100000, 0x0000000093200000, 0x0000000093200000|100%| O|  |TAMS 0x0000000093200000, 0x0000000093100000| Updating 
| 306|0x0000000093200000, 0x0000000093300000, 0x0000000093300000|100%| O|  |TAMS 0x0000000093300000, 0x0000000093200000| Updating 
| 307|0x0000000093300000, 0x0000000093400000, 0x0000000093400000|100%| O|  |TAMS 0x0000000093400000, 0x0000000093300000| Updating 
| 308|0x0000000093400000, 0x0000000093500000, 0x0000000093500000|100%| O|  |TAMS 0x0000000093500000, 0x0000000093400000| Updating 
| 309|0x0000000093500000, 0x0000000093600000, 0x0000000093600000|100%| O|  |TAMS 0x0000000093600000, 0x0000000093500000| Updating 
| 310|0x0000000093600000, 0x0000000093700000, 0x0000000093700000|100%| O|  |TAMS 0x0000000093700000, 0x0000000093600000| Updating 
| 311|0x0000000093700000, 0x0000000093700000, 0x0000000093800000|  0%| F|  |TAMS 0x0000000093700000, 0x0000000093700000| Untracked 
| 312|0x0000000093800000, 0x0000000093900000, 0x0000000093900000|100%| O|  |TAMS 0x0000000093900000, 0x0000000093800000| Updating 
| 313|0x0000000093900000, 0x0000000093900000, 0x0000000093a00000|  0%| F|  |TAMS 0x0000000093900000, 0x0000000093900000| Untracked 
| 314|0x0000000093a00000, 0x0000000093b00000, 0x0000000093b00000|100%| O|  |TAMS 0x0000000093b00000, 0x0000000093a00000| Updating 
| 315|0x0000000093b00000, 0x0000000093c00000, 0x0000000093c00000|100%| O|  |TAMS 0x0000000093c00000, 0x0000000093b00000| Updating 
| 316|0x0000000093c00000, 0x0000000093c00000, 0x0000000093d00000|  0%| F|  |TAMS 0x0000000093c00000, 0x0000000093c00000| Untracked 
| 317|0x0000000093d00000, 0x0000000093d00000, 0x0000000093e00000|  0%| F|  |TAMS 0x0000000093d00000, 0x0000000093d00000| Untracked 
| 318|0x0000000093e00000, 0x0000000093e00000, 0x0000000093f00000|  0%| F|  |TAMS 0x0000000093e00000, 0x0000000093e00000| Untracked 
| 319|0x0000000093f00000, 0x0000000093f00000, 0x0000000094000000|  0%| F|  |TAMS 0x0000000093f00000, 0x0000000093f00000| Untracked 
| 320|0x0000000094000000, 0x0000000094100000, 0x0000000094100000|100%| O|  |TAMS 0x0000000094100000, 0x0000000094000000| Updating 
| 321|0x0000000094100000, 0x0000000094200000, 0x0000000094200000|100%| O|  |TAMS 0x0000000094200000, 0x0000000094100000| Updating 
| 322|0x0000000094200000, 0x0000000094300000, 0x0000000094300000|100%| O|  |TAMS 0x0000000094300000, 0x0000000094200000| Updating 
| 323|0x0000000094300000, 0x0000000094400000, 0x0000000094400000|100%| O|  |TAMS 0x0000000094400000, 0x0000000094300000| Updating 
| 324|0x0000000094400000, 0x0000000094500000, 0x0000000094500000|100%| O|  |TAMS 0x0000000094500000, 0x0000000094400000| Updating 
| 325|0x0000000094500000, 0x0000000094600000, 0x0000000094600000|100%| O|  |TAMS 0x0000000094600000, 0x0000000094500000| Updating 
| 326|0x0000000094600000, 0x0000000094600000, 0x0000000094700000|  0%| F|  |TAMS 0x0000000094600000, 0x0000000094600000| Untracked 
| 327|0x0000000094700000, 0x0000000094800000, 0x0000000094800000|100%| O|  |TAMS 0x0000000094800000, 0x0000000094700000| Updating 
| 328|0x0000000094800000, 0x0000000094900000, 0x0000000094900000|100%| O|  |TAMS 0x0000000094900000, 0x0000000094800000| Updating 
| 329|0x0000000094900000, 0x0000000094a00000, 0x0000000094a00000|100%| O|  |TAMS 0x0000000094a00000, 0x0000000094900000| Updating 
| 330|0x0000000094a00000, 0x0000000094b00000, 0x0000000094b00000|100%| O|  |TAMS 0x0000000094b00000, 0x0000000094a00000| Updating 
| 331|0x0000000094b00000, 0x0000000094b00000, 0x0000000094c00000|  0%| F|  |TAMS 0x0000000094b00000, 0x0000000094b00000| Untracked 
| 332|0x0000000094c00000, 0x0000000094c00000, 0x0000000094d00000|  0%| F|  |TAMS 0x0000000094c00000, 0x0000000094c00000| Untracked 
| 333|0x0000000094d00000, 0x0000000094d00000, 0x0000000094e00000|  0%| F|  |TAMS 0x0000000094d00000, 0x0000000094d00000| Untracked 
| 334|0x0000000094e00000, 0x0000000094e00000, 0x0000000094f00000|  0%| F|  |TAMS 0x0000000094e00000, 0x0000000094e00000| Untracked 
| 335|0x0000000094f00000, 0x0000000094f00000, 0x0000000095000000|  0%| F|  |TAMS 0x0000000094f00000, 0x0000000094f00000| Untracked 
| 336|0x0000000095000000, 0x0000000095000000, 0x0000000095100000|  0%| F|  |TAMS 0x0000000095000000, 0x0000000095000000| Untracked 
| 337|0x0000000095100000, 0x0000000095100000, 0x0000000095200000|  0%| F|  |TAMS 0x0000000095100000, 0x0000000095100000| Untracked 
| 338|0x0000000095200000, 0x0000000095200000, 0x0000000095300000|  0%| F|  |TAMS 0x0000000095200000, 0x0000000095200000| Untracked 
| 339|0x0000000095300000, 0x0000000095300000, 0x0000000095400000|  0%| F|  |TAMS 0x0000000095300000, 0x0000000095300000| Untracked 
| 340|0x0000000095400000, 0x0000000095500000, 0x0000000095500000|100%| O|  |TAMS 0x0000000095500000, 0x0000000095400000| Updating 
| 341|0x0000000095500000, 0x0000000095600000, 0x0000000095600000|100%| O|  |TAMS 0x0000000095600000, 0x0000000095500000| Updating 
| 342|0x0000000095600000, 0x0000000095600000, 0x0000000095700000|  0%| F|  |TAMS 0x0000000095600000, 0x0000000095600000| Untracked 
| 343|0x0000000095700000, 0x0000000095700000, 0x0000000095800000|  0%| F|  |TAMS 0x0000000095700000, 0x0000000095700000| Untracked 
| 344|0x0000000095800000, 0x0000000095900000, 0x0000000095900000|100%| O|  |TAMS 0x0000000095900000, 0x0000000095800000| Updating 
| 345|0x0000000095900000, 0x0000000095a00000, 0x0000000095a00000|100%| O|  |TAMS 0x0000000095a00000, 0x0000000095900000| Updating 
| 346|0x0000000095a00000, 0x0000000095b00000, 0x0000000095b00000|100%| O|  |TAMS 0x0000000095b00000, 0x0000000095a00000| Updating 
| 347|0x0000000095b00000, 0x0000000095c00000, 0x0000000095c00000|100%| O|  |TAMS 0x0000000095c00000, 0x0000000095b00000| Updating 
| 348|0x0000000095c00000, 0x0000000095d00000, 0x0000000095d00000|100%| O|  |TAMS 0x0000000095d00000, 0x0000000095c00000| Updating 
| 349|0x0000000095d00000, 0x0000000095e00000, 0x0000000095e00000|100%| O|  |TAMS 0x0000000095e00000, 0x0000000095d00000| Updating 
| 350|0x0000000095e00000, 0x0000000095e00000, 0x0000000095f00000|  0%| F|  |TAMS 0x0000000095e00000, 0x0000000095e00000| Untracked 
| 351|0x0000000095f00000, 0x0000000096000000, 0x0000000096000000|100%| O|  |TAMS 0x0000000096000000, 0x0000000095f00000| Updating 
| 352|0x0000000096000000, 0x0000000096000000, 0x0000000096100000|  0%| F|  |TAMS 0x0000000096000000, 0x0000000096000000| Untracked 
| 353|0x0000000096100000, 0x0000000096200000, 0x0000000096200000|100%| O|  |TAMS 0x0000000096200000, 0x0000000096100000| Updating 
| 354|0x0000000096200000, 0x0000000096200000, 0x0000000096300000|  0%| F|  |TAMS 0x0000000096200000, 0x0000000096200000| Untracked 
| 355|0x0000000096300000, 0x0000000096400000, 0x0000000096400000|100%| O|  |TAMS 0x0000000096400000, 0x0000000096300000| Updating 
| 356|0x0000000096400000, 0x0000000096400000, 0x0000000096500000|  0%| F|  |TAMS 0x0000000096400000, 0x0000000096400000| Untracked 
| 357|0x0000000096500000, 0x0000000096500000, 0x0000000096600000|  0%| F|  |TAMS 0x0000000096500000, 0x0000000096500000| Untracked 
| 358|0x0000000096600000, 0x0000000096600000, 0x0000000096700000|  0%| F|  |TAMS 0x0000000096600000, 0x0000000096600000| Untracked 
| 359|0x0000000096700000, 0x0000000096700000, 0x0000000096800000|  0%| F|  |TAMS 0x0000000096700000, 0x0000000096700000| Untracked 
| 360|0x0000000096800000, 0x0000000096900000, 0x0000000096900000|100%| O|  |TAMS 0x0000000096900000, 0x0000000096800000| Updating 
| 361|0x0000000096900000, 0x0000000096900000, 0x0000000096a00000|  0%| F|  |TAMS 0x0000000096900000, 0x0000000096900000| Untracked 
| 362|0x0000000096a00000, 0x0000000096b00000, 0x0000000096b00000|100%| O|  |TAMS 0x0000000096b00000, 0x0000000096a00000| Updating 
| 363|0x0000000096b00000, 0x0000000096c00000, 0x0000000096c00000|100%| O|  |TAMS 0x0000000096c00000, 0x0000000096b00000| Updating 
| 364|0x0000000096c00000, 0x0000000096d00000, 0x0000000096d00000|100%| O|  |TAMS 0x0000000096d00000, 0x0000000096c00000| Updating 
| 365|0x0000000096d00000, 0x0000000096e00000, 0x0000000096e00000|100%| O|  |TAMS 0x0000000096e00000, 0x0000000096d00000| Updating 
| 366|0x0000000096e00000, 0x0000000096f00000, 0x0000000096f00000|100%| O|  |TAMS 0x0000000096f00000, 0x0000000096e00000| Updating 
| 367|0x0000000096f00000, 0x0000000097000000, 0x0000000097000000|100%| O|  |TAMS 0x0000000097000000, 0x0000000096f00000| Updating 
| 368|0x0000000097000000, 0x0000000097000000, 0x0000000097100000|  0%| F|  |TAMS 0x0000000097000000, 0x0000000097000000| Untracked 
| 369|0x0000000097100000, 0x0000000097200000, 0x0000000097200000|100%| O|  |TAMS 0x0000000097200000, 0x0000000097100000| Updating 
| 370|0x0000000097200000, 0x0000000097300000, 0x0000000097300000|100%| O|  |TAMS 0x0000000097300000, 0x0000000097200000| Updating 
| 371|0x0000000097300000, 0x0000000097400000, 0x0000000097400000|100%| O|  |TAMS 0x0000000097400000, 0x0000000097300000| Updating 
| 372|0x0000000097400000, 0x0000000097400000, 0x0000000097500000|  0%| F|  |TAMS 0x0000000097400000, 0x0000000097400000| Untracked 
| 373|0x0000000097500000, 0x0000000097600000, 0x0000000097600000|100%| O|  |TAMS 0x0000000097600000, 0x0000000097500000| Updating 
| 374|0x0000000097600000, 0x0000000097600000, 0x0000000097700000|  0%| F|  |TAMS 0x0000000097600000, 0x0000000097600000| Untracked 
| 375|0x0000000097700000, 0x0000000097800000, 0x0000000097800000|100%| O|  |TAMS 0x0000000097800000, 0x0000000097700000| Updating 
| 376|0x0000000097800000, 0x0000000097800000, 0x0000000097900000|  0%| F|  |TAMS 0x0000000097800000, 0x0000000097800000| Untracked 
| 377|0x0000000097900000, 0x0000000097900000, 0x0000000097a00000|  0%| F|  |TAMS 0x0000000097900000, 0x0000000097900000| Untracked 
| 378|0x0000000097a00000, 0x0000000097a00000, 0x0000000097b00000|  0%| F|  |TAMS 0x0000000097a00000, 0x0000000097a00000| Untracked 
| 379|0x0000000097b00000, 0x0000000097b00000, 0x0000000097c00000|  0%| F|  |TAMS 0x0000000097b00000, 0x0000000097b00000| Untracked 
| 380|0x0000000097c00000, 0x0000000097c00000, 0x0000000097d00000|  0%| F|  |TAMS 0x0000000097c00000, 0x0000000097c00000| Untracked 
| 381|0x0000000097d00000, 0x0000000097d00000, 0x0000000097e00000|  0%| F|  |TAMS 0x0000000097d00000, 0x0000000097d00000| Untracked 
| 382|0x0000000097e00000, 0x0000000097e00000, 0x0000000097f00000|  0%| F|  |TAMS 0x0000000097e00000, 0x0000000097e00000| Untracked 
| 383|0x0000000097f00000, 0x0000000097f00000, 0x0000000098000000|  0%| F|  |TAMS 0x0000000097f00000, 0x0000000097f00000| Untracked 
| 384|0x0000000098000000, 0x0000000098000000, 0x0000000098100000|  0%| F|  |TAMS 0x0000000098000000, 0x0000000098000000| Untracked 
| 385|0x0000000098100000, 0x0000000098100000, 0x0000000098200000|  0%| F|  |TAMS 0x0000000098100000, 0x0000000098100000| Untracked 
| 386|0x0000000098200000, 0x0000000098200000, 0x0000000098300000|  0%| F|  |TAMS 0x0000000098200000, 0x0000000098200000| Untracked 
| 387|0x0000000098300000, 0x0000000098400000, 0x0000000098400000|100%| O|  |TAMS 0x0000000098400000, 0x0000000098300000| Updating 
| 388|0x0000000098400000, 0x0000000098500000, 0x0000000098500000|100%| O|  |TAMS 0x0000000098500000, 0x0000000098400000| Updating 
| 389|0x0000000098500000, 0x0000000098600000, 0x0000000098600000|100%| O|  |TAMS 0x0000000098600000, 0x0000000098500000| Updating 
| 390|0x0000000098600000, 0x0000000098700000, 0x0000000098700000|100%| O|  |TAMS 0x0000000098700000, 0x0000000098600000| Updating 
| 391|0x0000000098700000, 0x0000000098800000, 0x0000000098800000|100%| O|  |TAMS 0x0000000098800000, 0x0000000098700000| Updating 
| 392|0x0000000098800000, 0x0000000098900000, 0x0000000098900000|100%| O|  |TAMS 0x0000000098900000, 0x0000000098800000| Updating 
| 393|0x0000000098900000, 0x0000000098a00000, 0x0000000098a00000|100%| O|  |TAMS 0x0000000098a00000, 0x0000000098900000| Updating 
| 394|0x0000000098a00000, 0x0000000098b00000, 0x0000000098b00000|100%| O|  |TAMS 0x0000000098b00000, 0x0000000098a00000| Updating 
| 395|0x0000000098b00000, 0x0000000098c00000, 0x0000000098c00000|100%| O|  |TAMS 0x0000000098c00000, 0x0000000098b00000| Updating 
| 396|0x0000000098c00000, 0x0000000098d00000, 0x0000000098d00000|100%| O|  |TAMS 0x0000000098d00000, 0x0000000098c00000| Updating 
| 397|0x0000000098d00000, 0x0000000098e00000, 0x0000000098e00000|100%| O|  |TAMS 0x0000000098e00000, 0x0000000098d00000| Updating 
| 398|0x0000000098e00000, 0x0000000098f00000, 0x0000000098f00000|100%| O|  |TAMS 0x0000000098f00000, 0x0000000098e00000| Updating 
| 399|0x0000000098f00000, 0x0000000099000000, 0x0000000099000000|100%| O|  |TAMS 0x0000000099000000, 0x0000000098f00000| Updating 
| 400|0x0000000099000000, 0x0000000099100000, 0x0000000099100000|100%| O|  |TAMS 0x0000000099100000, 0x0000000099000000| Updating 
| 401|0x0000000099100000, 0x0000000099200000, 0x0000000099200000|100%| O|  |TAMS 0x0000000099200000, 0x0000000099100000| Updating 
| 402|0x0000000099200000, 0x0000000099300000, 0x0000000099300000|100%| O|  |TAMS 0x0000000099300000, 0x0000000099200000| Updating 
| 403|0x0000000099300000, 0x0000000099300000, 0x0000000099400000|  0%| F|  |TAMS 0x0000000099300000, 0x0000000099300000| Untracked 
| 404|0x0000000099400000, 0x0000000099500000, 0x0000000099500000|100%| O|  |TAMS 0x0000000099500000, 0x0000000099400000| Updating 
| 405|0x0000000099500000, 0x0000000099600000, 0x0000000099600000|100%| O|  |TAMS 0x0000000099600000, 0x0000000099500000| Updating 
| 406|0x0000000099600000, 0x0000000099700000, 0x0000000099700000|100%| O|  |TAMS 0x0000000099700000, 0x0000000099600000| Updating 
| 407|0x0000000099700000, 0x0000000099800000, 0x0000000099800000|100%| O|  |TAMS 0x0000000099800000, 0x0000000099700000| Updating 
| 408|0x0000000099800000, 0x0000000099900000, 0x0000000099900000|100%| O|  |TAMS 0x0000000099900000, 0x0000000099800000| Updating 
| 409|0x0000000099900000, 0x0000000099900000, 0x0000000099a00000|  0%| F|  |TAMS 0x0000000099900000, 0x0000000099900000| Untracked 
| 410|0x0000000099a00000, 0x0000000099a00000, 0x0000000099b00000|  0%| F|  |TAMS 0x0000000099a00000, 0x0000000099a00000| Untracked 
| 411|0x0000000099b00000, 0x0000000099c00000, 0x0000000099c00000|100%| O|  |TAMS 0x0000000099c00000, 0x0000000099b00000| Updating 
| 412|0x0000000099c00000, 0x0000000099c00000, 0x0000000099d00000|  0%| F|  |TAMS 0x0000000099c00000, 0x0000000099c00000| Untracked 
| 413|0x0000000099d00000, 0x0000000099e00000, 0x0000000099e00000|100%| O|  |TAMS 0x0000000099e00000, 0x0000000099d00000| Updating 
| 414|0x0000000099e00000, 0x0000000099f00000, 0x0000000099f00000|100%| O|  |TAMS 0x0000000099f00000, 0x0000000099e00000| Updating 
| 415|0x0000000099f00000, 0x000000009a000000, 0x000000009a000000|100%| O|  |TAMS 0x000000009a000000, 0x0000000099f00000| Updating 
| 416|0x000000009a000000, 0x000000009a100000, 0x000000009a100000|100%| O|  |TAMS 0x000000009a100000, 0x000000009a000000| Updating 
| 417|0x000000009a100000, 0x000000009a200000, 0x000000009a200000|100%| O|  |TAMS 0x000000009a200000, 0x000000009a100000| Updating 
| 418|0x000000009a200000, 0x000000009a300000, 0x000000009a300000|100%| O|  |TAMS 0x000000009a300000, 0x000000009a200000| Updating 
| 419|0x000000009a300000, 0x000000009a300000, 0x000000009a400000|  0%| F|  |TAMS 0x000000009a300000, 0x000000009a300000| Untracked 
| 420|0x000000009a400000, 0x000000009a500000, 0x000000009a500000|100%| O|  |TAMS 0x000000009a500000, 0x000000009a400000| Updating 
| 421|0x000000009a500000, 0x000000009a500000, 0x000000009a600000|  0%| F|  |TAMS 0x000000009a500000, 0x000000009a500000| Untracked 
| 422|0x000000009a600000, 0x000000009a700000, 0x000000009a700000|100%| O|  |TAMS 0x000000009a700000, 0x000000009a600000| Updating 
| 423|0x000000009a700000, 0x000000009a700000, 0x000000009a800000|  0%| F|  |TAMS 0x000000009a700000, 0x000000009a700000| Untracked 
| 424|0x000000009a800000, 0x000000009a800000, 0x000000009a900000|  0%| F|  |TAMS 0x000000009a800000, 0x000000009a800000| Untracked 
| 425|0x000000009a900000, 0x000000009a900000, 0x000000009aa00000|  0%| F|  |TAMS 0x000000009a900000, 0x000000009a900000| Untracked 
| 426|0x000000009aa00000, 0x000000009aa00000, 0x000000009ab00000|  0%| F|  |TAMS 0x000000009aa00000, 0x000000009aa00000| Untracked 
| 427|0x000000009ab00000, 0x000000009ab00000, 0x000000009ac00000|  0%| F|  |TAMS 0x000000009ab00000, 0x000000009ab00000| Untracked 
| 428|0x000000009ac00000, 0x000000009ad00000, 0x000000009ad00000|100%| O|  |TAMS 0x000000009ad00000, 0x000000009ac00000| Updating 
| 429|0x000000009ad00000, 0x000000009ad00000, 0x000000009ae00000|  0%| F|  |TAMS 0x000000009ad00000, 0x000000009ad00000| Untracked 
| 430|0x000000009ae00000, 0x000000009ae00000, 0x000000009af00000|  0%| F|  |TAMS 0x000000009ae00000, 0x000000009ae00000| Untracked 
| 431|0x000000009af00000, 0x000000009b000000, 0x000000009b000000|100%| O|  |TAMS 0x000000009b000000, 0x000000009af00000| Updating 
| 432|0x000000009b000000, 0x000000009b100000, 0x000000009b100000|100%| O|  |TAMS 0x000000009b100000, 0x000000009b000000| Updating 
| 433|0x000000009b100000, 0x000000009b200000, 0x000000009b200000|100%| O|  |TAMS 0x000000009b200000, 0x000000009b100000| Updating 
| 434|0x000000009b200000, 0x000000009b300000, 0x000000009b300000|100%| O|  |TAMS 0x000000009b300000, 0x000000009b200000| Updating 
| 435|0x000000009b300000, 0x000000009b400000, 0x000000009b400000|100%| O|  |TAMS 0x000000009b400000, 0x000000009b300000| Updating 
| 436|0x000000009b400000, 0x000000009b500000, 0x000000009b500000|100%| O|  |TAMS 0x000000009b500000, 0x000000009b400000| Updating 
| 437|0x000000009b500000, 0x000000009b600000, 0x000000009b600000|100%| O|  |TAMS 0x000000009b600000, 0x000000009b500000| Updating 
| 438|0x000000009b600000, 0x000000009b700000, 0x000000009b700000|100%| O|  |TAMS 0x000000009b700000, 0x000000009b600000| Updating 
| 439|0x000000009b700000, 0x000000009b800000, 0x000000009b800000|100%| O|  |TAMS 0x000000009b800000, 0x000000009b700000| Updating 
| 440|0x000000009b800000, 0x000000009b900000, 0x000000009b900000|100%| O|  |TAMS 0x000000009b900000, 0x000000009b800000| Updating 
| 441|0x000000009b900000, 0x000000009ba00000, 0x000000009ba00000|100%| O|  |TAMS 0x000000009ba00000, 0x000000009b900000| Updating 
| 442|0x000000009ba00000, 0x000000009bb00000, 0x000000009bb00000|100%| O|  |TAMS 0x000000009bb00000, 0x000000009ba00000| Updating 
| 443|0x000000009bb00000, 0x000000009bc00000, 0x000000009bc00000|100%| O|  |TAMS 0x000000009bc00000, 0x000000009bb00000| Updating 
| 444|0x000000009bc00000, 0x000000009bd00000, 0x000000009bd00000|100%| O|  |TAMS 0x000000009bd00000, 0x000000009bc00000| Updating 
| 445|0x000000009bd00000, 0x000000009be00000, 0x000000009be00000|100%| O|  |TAMS 0x000000009be00000, 0x000000009bd00000| Updating 
| 446|0x000000009be00000, 0x000000009bf00000, 0x000000009bf00000|100%| O|  |TAMS 0x000000009bf00000, 0x000000009be00000| Updating 
| 447|0x000000009bf00000, 0x000000009c000000, 0x000000009c000000|100%| O|  |TAMS 0x000000009c000000, 0x000000009bf00000| Updating 
| 448|0x000000009c000000, 0x000000009c100000, 0x000000009c100000|100%| O|  |TAMS 0x000000009c100000, 0x000000009c000000| Updating 
| 449|0x000000009c100000, 0x000000009c200000, 0x000000009c200000|100%| O|  |TAMS 0x000000009c200000, 0x000000009c100000| Updating 
| 450|0x000000009c200000, 0x000000009c300000, 0x000000009c300000|100%| O|  |TAMS 0x000000009c300000, 0x000000009c200000| Updating 
| 451|0x000000009c300000, 0x000000009c400000, 0x000000009c400000|100%| O|  |TAMS 0x000000009c400000, 0x000000009c300000| Updating 
| 452|0x000000009c400000, 0x000000009c500000, 0x000000009c500000|100%| O|  |TAMS 0x000000009c500000, 0x000000009c400000| Updating 
| 453|0x000000009c500000, 0x000000009c600000, 0x000000009c600000|100%| O|  |TAMS 0x000000009c600000, 0x000000009c500000| Updating 
| 454|0x000000009c600000, 0x000000009c700000, 0x000000009c700000|100%| O|  |TAMS 0x000000009c700000, 0x000000009c600000| Updating 
| 455|0x000000009c700000, 0x000000009c800000, 0x000000009c800000|100%| O|  |TAMS 0x000000009c800000, 0x000000009c700000| Updating 
| 456|0x000000009c800000, 0x000000009c900000, 0x000000009c900000|100%| O|  |TAMS 0x000000009c900000, 0x000000009c800000| Updating 
| 457|0x000000009c900000, 0x000000009ca00000, 0x000000009ca00000|100%| O|  |TAMS 0x000000009ca00000, 0x000000009c900000| Updating 
| 458|0x000000009ca00000, 0x000000009cb00000, 0x000000009cb00000|100%| O|  |TAMS 0x000000009cb00000, 0x000000009ca00000| Updating 
| 459|0x000000009cb00000, 0x000000009cc00000, 0x000000009cc00000|100%| O|  |TAMS 0x000000009cc00000, 0x000000009cb00000| Updating 
| 460|0x000000009cc00000, 0x000000009cd00000, 0x000000009cd00000|100%| O|  |TAMS 0x000000009cd00000, 0x000000009cc00000| Updating 
| 461|0x000000009cd00000, 0x000000009ce00000, 0x000000009ce00000|100%| O|  |TAMS 0x000000009ce00000, 0x000000009cd00000| Updating 
| 462|0x000000009ce00000, 0x000000009cf00000, 0x000000009cf00000|100%| O|  |TAMS 0x000000009cf00000, 0x000000009ce00000| Updating 
| 463|0x000000009cf00000, 0x000000009d000000, 0x000000009d000000|100%| O|  |TAMS 0x000000009d000000, 0x000000009cf00000| Updating 
| 464|0x000000009d000000, 0x000000009d000000, 0x000000009d100000|  0%| F|  |TAMS 0x000000009d000000, 0x000000009d000000| Untracked 
| 465|0x000000009d100000, 0x000000009d200000, 0x000000009d200000|100%| O|  |TAMS 0x000000009d200000, 0x000000009d100000| Updating 
| 466|0x000000009d200000, 0x000000009d300000, 0x000000009d300000|100%| O|  |TAMS 0x000000009d300000, 0x000000009d200000| Updating 
| 467|0x000000009d300000, 0x000000009d300000, 0x000000009d400000|  0%| F|  |TAMS 0x000000009d300000, 0x000000009d300000| Untracked 
| 468|0x000000009d400000, 0x000000009d500000, 0x000000009d500000|100%| O|  |TAMS 0x000000009d500000, 0x000000009d400000| Updating 
| 469|0x000000009d500000, 0x000000009d600000, 0x000000009d600000|100%| O|  |TAMS 0x000000009d600000, 0x000000009d500000| Updating 
| 470|0x000000009d600000, 0x000000009d700000, 0x000000009d700000|100%| O|  |TAMS 0x000000009d700000, 0x000000009d600000| Updating 
| 471|0x000000009d700000, 0x000000009d800000, 0x000000009d800000|100%| O|  |TAMS 0x000000009d800000, 0x000000009d700000| Updating 
| 472|0x000000009d800000, 0x000000009d900000, 0x000000009d900000|100%| O|  |TAMS 0x000000009d900000, 0x000000009d800000| Updating 
| 473|0x000000009d900000, 0x000000009da00000, 0x000000009da00000|100%| O|  |TAMS 0x000000009da00000, 0x000000009d900000| Updating 
| 474|0x000000009da00000, 0x000000009db00000, 0x000000009db00000|100%| O|  |TAMS 0x000000009db00000, 0x000000009da00000| Updating 
| 475|0x000000009db00000, 0x000000009dc00000, 0x000000009dc00000|100%| O|  |TAMS 0x000000009dc00000, 0x000000009db00000| Updating 
| 476|0x000000009dc00000, 0x000000009dd00000, 0x000000009dd00000|100%| O|  |TAMS 0x000000009dd00000, 0x000000009dc00000| Updating 
| 477|0x000000009dd00000, 0x000000009de00000, 0x000000009de00000|100%| O|  |TAMS 0x000000009de00000, 0x000000009dd00000| Updating 
| 478|0x000000009de00000, 0x000000009df00000, 0x000000009df00000|100%| O|  |TAMS 0x000000009df00000, 0x000000009de00000| Updating 
| 479|0x000000009df00000, 0x000000009e000000, 0x000000009e000000|100%| O|  |TAMS 0x000000009e000000, 0x000000009df00000| Updating 
| 480|0x000000009e000000, 0x000000009e100000, 0x000000009e100000|100%| O|  |TAMS 0x000000009e100000, 0x000000009e000000| Updating 
| 481|0x000000009e100000, 0x000000009e200000, 0x000000009e200000|100%| O|  |TAMS 0x000000009e200000, 0x000000009e100000| Updating 
| 482|0x000000009e200000, 0x000000009e300000, 0x000000009e300000|100%| O|  |TAMS 0x000000009e300000, 0x000000009e200000| Updating 
| 483|0x000000009e300000, 0x000000009e400000, 0x000000009e400000|100%| O|  |TAMS 0x000000009e400000, 0x000000009e300000| Updating 
| 484|0x000000009e400000, 0x000000009e500000, 0x000000009e500000|100%| O|  |TAMS 0x000000009e500000, 0x000000009e400000| Updating 
| 485|0x000000009e500000, 0x000000009e600000, 0x000000009e600000|100%| O|  |TAMS 0x000000009e600000, 0x000000009e500000| Updating 
| 486|0x000000009e600000, 0x000000009e700000, 0x000000009e700000|100%| O|  |TAMS 0x000000009e700000, 0x000000009e600000| Updating 
| 487|0x000000009e700000, 0x000000009e800000, 0x000000009e800000|100%| O|  |TAMS 0x000000009e800000, 0x000000009e700000| Updating 
| 488|0x000000009e800000, 0x000000009e900000, 0x000000009e900000|100%| O|  |TAMS 0x000000009e900000, 0x000000009e800000| Updating 
| 489|0x000000009e900000, 0x000000009ea00000, 0x000000009ea00000|100%| O|  |TAMS 0x000000009ea00000, 0x000000009e900000| Updating 
| 490|0x000000009ea00000, 0x000000009eb00000, 0x000000009eb00000|100%| O|  |TAMS 0x000000009eb00000, 0x000000009ea00000| Updating 
| 491|0x000000009eb00000, 0x000000009ec00000, 0x000000009ec00000|100%| O|  |TAMS 0x000000009ec00000, 0x000000009eb00000| Updating 
| 492|0x000000009ec00000, 0x000000009ed00000, 0x000000009ed00000|100%| O|  |TAMS 0x000000009ed00000, 0x000000009ec00000| Updating 
| 493|0x000000009ed00000, 0x000000009ee00000, 0x000000009ee00000|100%| O|  |TAMS 0x000000009ee00000, 0x000000009ed00000| Updating 
| 494|0x000000009ee00000, 0x000000009ef00000, 0x000000009ef00000|100%| O|  |TAMS 0x000000009ef00000, 0x000000009ee00000| Updating 
| 495|0x000000009ef00000, 0x000000009f000000, 0x000000009f000000|100%| O|  |TAMS 0x000000009f000000, 0x000000009ef00000| Updating 
| 496|0x000000009f000000, 0x000000009f100000, 0x000000009f100000|100%| O|  |TAMS 0x000000009f100000, 0x000000009f000000| Updating 
| 497|0x000000009f100000, 0x000000009f200000, 0x000000009f200000|100%| O|  |TAMS 0x000000009f200000, 0x000000009f100000| Updating 
| 498|0x000000009f200000, 0x000000009f300000, 0x000000009f300000|100%| O|  |TAMS 0x000000009f300000, 0x000000009f200000| Updating 
| 499|0x000000009f300000, 0x000000009f400000, 0x000000009f400000|100%| O|  |TAMS 0x000000009f400000, 0x000000009f300000| Updating 
| 500|0x000000009f400000, 0x000000009f500000, 0x000000009f500000|100%| O|  |TAMS 0x000000009f500000, 0x000000009f400000| Updating 
| 501|0x000000009f500000, 0x000000009f600000, 0x000000009f600000|100%| O|  |TAMS 0x000000009f600000, 0x000000009f500000| Updating 
| 502|0x000000009f600000, 0x000000009f700000, 0x000000009f700000|100%| O|  |TAMS 0x000000009f700000, 0x000000009f600000| Updating 
| 503|0x000000009f700000, 0x000000009f800000, 0x000000009f800000|100%| O|  |TAMS 0x000000009f800000, 0x000000009f700000| Updating 
| 504|0x000000009f800000, 0x000000009f900000, 0x000000009f900000|100%| O|  |TAMS 0x000000009f900000, 0x000000009f800000| Updating 
| 505|0x000000009f900000, 0x000000009f900000, 0x000000009fa00000|  0%| F|  |TAMS 0x000000009f900000, 0x000000009f900000| Untracked 
| 506|0x000000009fa00000, 0x000000009fb00000, 0x000000009fb00000|100%| O|  |TAMS 0x000000009fb00000, 0x000000009fa00000| Updating 
| 507|0x000000009fb00000, 0x000000009fc00000, 0x000000009fc00000|100%| O|  |TAMS 0x000000009fc00000, 0x000000009fb00000| Updating 
| 508|0x000000009fc00000, 0x000000009fd00000, 0x000000009fd00000|100%| O|  |TAMS 0x000000009fd00000, 0x000000009fc00000| Updating 
| 509|0x000000009fd00000, 0x000000009fe00000, 0x000000009fe00000|100%| O|  |TAMS 0x000000009fe00000, 0x000000009fd00000| Updating 
| 510|0x000000009fe00000, 0x000000009ff00000, 0x000000009ff00000|100%| O|  |TAMS 0x000000009ff00000, 0x000000009fe00000| Updating 
| 511|0x000000009ff00000, 0x00000000a0000000, 0x00000000a0000000|100%| O|  |TAMS 0x00000000a0000000, 0x000000009ff00000| Updating 
| 512|0x00000000a0000000, 0x00000000a0100000, 0x00000000a0100000|100%| O|  |TAMS 0x00000000a0100000, 0x00000000a0000000| Updating 
| 513|0x00000000a0100000, 0x00000000a0200000, 0x00000000a0200000|100%| O|  |TAMS 0x00000000a0200000, 0x00000000a0100000| Updating 
| 514|0x00000000a0200000, 0x00000000a0300000, 0x00000000a0300000|100%| O|  |TAMS 0x00000000a0300000, 0x00000000a0200000| Updating 
| 515|0x00000000a0300000, 0x00000000a0400000, 0x00000000a0400000|100%| O|  |TAMS 0x00000000a0400000, 0x00000000a0300000| Updating 
| 516|0x00000000a0400000, 0x00000000a0500000, 0x00000000a0500000|100%| O|  |TAMS 0x00000000a0500000, 0x00000000a0400000| Updating 
| 517|0x00000000a0500000, 0x00000000a0600000, 0x00000000a0600000|100%| O|  |TAMS 0x00000000a0600000, 0x00000000a0500000| Updating 
| 518|0x00000000a0600000, 0x00000000a0700000, 0x00000000a0700000|100%| O|  |TAMS 0x00000000a0700000, 0x00000000a0600000| Updating 
| 519|0x00000000a0700000, 0x00000000a0800000, 0x00000000a0800000|100%| O|  |TAMS 0x00000000a0800000, 0x00000000a0700000| Updating 
| 520|0x00000000a0800000, 0x00000000a0900000, 0x00000000a0900000|100%| O|  |TAMS 0x00000000a0900000, 0x00000000a0800000| Updating 
| 521|0x00000000a0900000, 0x00000000a0a00000, 0x00000000a0a00000|100%| O|  |TAMS 0x00000000a0a00000, 0x00000000a0900000| Updating 
| 522|0x00000000a0a00000, 0x00000000a0b00000, 0x00000000a0b00000|100%| O|  |TAMS 0x00000000a0b00000, 0x00000000a0a00000| Updating 
| 523|0x00000000a0b00000, 0x00000000a0c00000, 0x00000000a0c00000|100%| O|  |TAMS 0x00000000a0c00000, 0x00000000a0b00000| Updating 
| 524|0x00000000a0c00000, 0x00000000a0d00000, 0x00000000a0d00000|100%| O|  |TAMS 0x00000000a0d00000, 0x00000000a0c00000| Updating 
| 525|0x00000000a0d00000, 0x00000000a0e00000, 0x00000000a0e00000|100%| O|  |TAMS 0x00000000a0e00000, 0x00000000a0d00000| Updating 
| 526|0x00000000a0e00000, 0x00000000a0f00000, 0x00000000a0f00000|100%| O|  |TAMS 0x00000000a0f00000, 0x00000000a0e00000| Updating 
| 527|0x00000000a0f00000, 0x00000000a1000000, 0x00000000a1000000|100%| O|  |TAMS 0x00000000a1000000, 0x00000000a0f00000| Updating 
| 528|0x00000000a1000000, 0x00000000a1100000, 0x00000000a1100000|100%| O|  |TAMS 0x00000000a1100000, 0x00000000a1000000| Updating 
| 529|0x00000000a1100000, 0x00000000a1200000, 0x00000000a1200000|100%| O|  |TAMS 0x00000000a1200000, 0x00000000a1100000| Updating 
| 530|0x00000000a1200000, 0x00000000a1300000, 0x00000000a1300000|100%| O|  |TAMS 0x00000000a1300000, 0x00000000a1200000| Updating 
| 531|0x00000000a1300000, 0x00000000a1400000, 0x00000000a1400000|100%| O|  |TAMS 0x00000000a1400000, 0x00000000a1300000| Updating 
| 532|0x00000000a1400000, 0x00000000a1500000, 0x00000000a1500000|100%| O|  |TAMS 0x00000000a1500000, 0x00000000a1400000| Updating 
| 533|0x00000000a1500000, 0x00000000a1600000, 0x00000000a1600000|100%| O|  |TAMS 0x00000000a1600000, 0x00000000a1500000| Updating 
| 534|0x00000000a1600000, 0x00000000a1700000, 0x00000000a1700000|100%| O|  |TAMS 0x00000000a1700000, 0x00000000a1600000| Updating 
| 535|0x00000000a1700000, 0x00000000a1800000, 0x00000000a1800000|100%| O|  |TAMS 0x00000000a1800000, 0x00000000a1700000| Updating 
| 536|0x00000000a1800000, 0x00000000a1900000, 0x00000000a1900000|100%| O|  |TAMS 0x00000000a1900000, 0x00000000a1800000| Updating 
| 537|0x00000000a1900000, 0x00000000a1a00000, 0x00000000a1a00000|100%| O|  |TAMS 0x00000000a1a00000, 0x00000000a1900000| Updating 
| 538|0x00000000a1a00000, 0x00000000a1b00000, 0x00000000a1b00000|100%| O|  |TAMS 0x00000000a1b00000, 0x00000000a1a00000| Updating 
| 539|0x00000000a1b00000, 0x00000000a1c00000, 0x00000000a1c00000|100%| O|  |TAMS 0x00000000a1c00000, 0x00000000a1b00000| Updating 
| 540|0x00000000a1c00000, 0x00000000a1d00000, 0x00000000a1d00000|100%| O|  |TAMS 0x00000000a1d00000, 0x00000000a1c00000| Updating 
| 541|0x00000000a1d00000, 0x00000000a1e00000, 0x00000000a1e00000|100%| O|  |TAMS 0x00000000a1e00000, 0x00000000a1d00000| Updating 
| 542|0x00000000a1e00000, 0x00000000a1f00000, 0x00000000a1f00000|100%| O|  |TAMS 0x00000000a1f00000, 0x00000000a1e00000| Updating 
| 543|0x00000000a1f00000, 0x00000000a2000000, 0x00000000a2000000|100%| O|  |TAMS 0x00000000a2000000, 0x00000000a1f00000| Updating 
| 544|0x00000000a2000000, 0x00000000a2100000, 0x00000000a2100000|100%| O|  |TAMS 0x00000000a2100000, 0x00000000a2000000| Updating 
| 545|0x00000000a2100000, 0x00000000a2200000, 0x00000000a2200000|100%| O|  |TAMS 0x00000000a2200000, 0x00000000a2100000| Updating 
| 546|0x00000000a2200000, 0x00000000a2300000, 0x00000000a2300000|100%| O|  |TAMS 0x00000000a2300000, 0x00000000a2200000| Updating 
| 547|0x00000000a2300000, 0x00000000a2400000, 0x00000000a2400000|100%| O|  |TAMS 0x00000000a2400000, 0x00000000a2300000| Updating 
| 548|0x00000000a2400000, 0x00000000a2500000, 0x00000000a2500000|100%| O|  |TAMS 0x00000000a2500000, 0x00000000a2400000| Updating 
| 549|0x00000000a2500000, 0x00000000a2600000, 0x00000000a2600000|100%| O|  |TAMS 0x00000000a2600000, 0x00000000a2500000| Updating 
| 550|0x00000000a2600000, 0x00000000a2700000, 0x00000000a2700000|100%| O|  |TAMS 0x00000000a2700000, 0x00000000a2600000| Updating 
| 551|0x00000000a2700000, 0x00000000a2700000, 0x00000000a2800000|  0%| F|  |TAMS 0x00000000a2700000, 0x00000000a2700000| Untracked 
| 552|0x00000000a2800000, 0x00000000a2900000, 0x00000000a2900000|100%| O|  |TAMS 0x00000000a2900000, 0x00000000a2800000| Updating 
| 553|0x00000000a2900000, 0x00000000a2a00000, 0x00000000a2a00000|100%| O|  |TAMS 0x00000000a2a00000, 0x00000000a2900000| Updating 
| 554|0x00000000a2a00000, 0x00000000a2b00000, 0x00000000a2b00000|100%| O|  |TAMS 0x00000000a2b00000, 0x00000000a2a00000| Updating 
| 555|0x00000000a2b00000, 0x00000000a2b00000, 0x00000000a2c00000|  0%| F|  |TAMS 0x00000000a2b00000, 0x00000000a2b00000| Untracked 
| 556|0x00000000a2c00000, 0x00000000a2d00000, 0x00000000a2d00000|100%| O|  |TAMS 0x00000000a2d00000, 0x00000000a2c00000| Updating 
| 557|0x00000000a2d00000, 0x00000000a2e00000, 0x00000000a2e00000|100%| O|  |TAMS 0x00000000a2e00000, 0x00000000a2d00000| Updating 
| 558|0x00000000a2e00000, 0x00000000a2f00000, 0x00000000a2f00000|100%| O|  |TAMS 0x00000000a2f00000, 0x00000000a2e00000| Updating 
| 559|0x00000000a2f00000, 0x00000000a3000000, 0x00000000a3000000|100%| O|  |TAMS 0x00000000a3000000, 0x00000000a2f00000| Updating 
| 560|0x00000000a3000000, 0x00000000a3000000, 0x00000000a3100000|  0%| F|  |TAMS 0x00000000a3000000, 0x00000000a3000000| Untracked 
| 561|0x00000000a3100000, 0x00000000a3200000, 0x00000000a3200000|100%| O|  |TAMS 0x00000000a3200000, 0x00000000a3100000| Updating 
| 562|0x00000000a3200000, 0x00000000a3300000, 0x00000000a3300000|100%| O|  |TAMS 0x00000000a3300000, 0x00000000a3200000| Updating 
| 563|0x00000000a3300000, 0x00000000a3400000, 0x00000000a3400000|100%| O|  |TAMS 0x00000000a3400000, 0x00000000a3300000| Updating 
| 564|0x00000000a3400000, 0x00000000a3500000, 0x00000000a3500000|100%| O|  |TAMS 0x00000000a3500000, 0x00000000a3400000| Updating 
| 565|0x00000000a3500000, 0x00000000a3600000, 0x00000000a3600000|100%| O|  |TAMS 0x00000000a3600000, 0x00000000a3500000| Updating 
| 566|0x00000000a3600000, 0x00000000a3700000, 0x00000000a3700000|100%| O|  |TAMS 0x00000000a3700000, 0x00000000a3600000| Updating 
| 567|0x00000000a3700000, 0x00000000a3800000, 0x00000000a3800000|100%| O|  |TAMS 0x00000000a3800000, 0x00000000a3700000| Updating 
| 568|0x00000000a3800000, 0x00000000a3900000, 0x00000000a3900000|100%| O|  |TAMS 0x00000000a3900000, 0x00000000a3800000| Updating 
| 569|0x00000000a3900000, 0x00000000a3a00000, 0x00000000a3a00000|100%| O|  |TAMS 0x00000000a3a00000, 0x00000000a3900000| Updating 
| 570|0x00000000a3a00000, 0x00000000a3b00000, 0x00000000a3b00000|100%| O|  |TAMS 0x00000000a3b00000, 0x00000000a3a00000| Updating 
| 571|0x00000000a3b00000, 0x00000000a3c00000, 0x00000000a3c00000|100%| O|  |TAMS 0x00000000a3c00000, 0x00000000a3b00000| Updating 
| 572|0x00000000a3c00000, 0x00000000a3d00000, 0x00000000a3d00000|100%| O|  |TAMS 0x00000000a3d00000, 0x00000000a3c00000| Updating 
| 573|0x00000000a3d00000, 0x00000000a3e00000, 0x00000000a3e00000|100%| O|  |TAMS 0x00000000a3e00000, 0x00000000a3d00000| Updating 
| 574|0x00000000a3e00000, 0x00000000a3f00000, 0x00000000a3f00000|100%| O|  |TAMS 0x00000000a3f00000, 0x00000000a3e00000| Updating 
| 575|0x00000000a3f00000, 0x00000000a4000000, 0x00000000a4000000|100%| O|  |TAMS 0x00000000a4000000, 0x00000000a3f00000| Updating 
| 576|0x00000000a4000000, 0x00000000a4100000, 0x00000000a4100000|100%| O|  |TAMS 0x00000000a4100000, 0x00000000a4000000| Updating 
| 577|0x00000000a4100000, 0x00000000a4200000, 0x00000000a4200000|100%| O|  |TAMS 0x00000000a4200000, 0x00000000a4100000| Updating 
| 578|0x00000000a4200000, 0x00000000a4300000, 0x00000000a4300000|100%| O|  |TAMS 0x00000000a4300000, 0x00000000a4200000| Updating 
| 579|0x00000000a4300000, 0x00000000a4400000, 0x00000000a4400000|100%| O|  |TAMS 0x00000000a4400000, 0x00000000a4300000| Updating 
| 580|0x00000000a4400000, 0x00000000a4500000, 0x00000000a4500000|100%| O|  |TAMS 0x00000000a4500000, 0x00000000a4400000| Updating 
| 581|0x00000000a4500000, 0x00000000a4600000, 0x00000000a4600000|100%| O|  |TAMS 0x00000000a4600000, 0x00000000a4500000| Updating 
| 582|0x00000000a4600000, 0x00000000a4700000, 0x00000000a4700000|100%| O|  |TAMS 0x00000000a4700000, 0x00000000a4600000| Updating 
| 583|0x00000000a4700000, 0x00000000a4800000, 0x00000000a4800000|100%| O|  |TAMS 0x00000000a4800000, 0x00000000a4700000| Updating 
| 584|0x00000000a4800000, 0x00000000a4900000, 0x00000000a4900000|100%| O|  |TAMS 0x00000000a4900000, 0x00000000a4800000| Updating 
| 585|0x00000000a4900000, 0x00000000a4a00000, 0x00000000a4a00000|100%| O|  |TAMS 0x00000000a4a00000, 0x00000000a4900000| Updating 
| 586|0x00000000a4a00000, 0x00000000a4b00000, 0x00000000a4b00000|100%| O|  |TAMS 0x00000000a4b00000, 0x00000000a4a00000| Updating 
| 587|0x00000000a4b00000, 0x00000000a4c00000, 0x00000000a4c00000|100%| O|  |TAMS 0x00000000a4c00000, 0x00000000a4b00000| Updating 
| 588|0x00000000a4c00000, 0x00000000a4d00000, 0x00000000a4d00000|100%| O|  |TAMS 0x00000000a4d00000, 0x00000000a4c00000| Updating 
| 589|0x00000000a4d00000, 0x00000000a4e00000, 0x00000000a4e00000|100%| O|  |TAMS 0x00000000a4e00000, 0x00000000a4d00000| Updating 
| 590|0x00000000a4e00000, 0x00000000a4f00000, 0x00000000a4f00000|100%| O|  |TAMS 0x00000000a4f00000, 0x00000000a4e00000| Updating 
| 591|0x00000000a4f00000, 0x00000000a5000000, 0x00000000a5000000|100%| O|  |TAMS 0x00000000a5000000, 0x00000000a4f00000| Updating 
| 592|0x00000000a5000000, 0x00000000a5100000, 0x00000000a5100000|100%| O|  |TAMS 0x00000000a5100000, 0x00000000a5000000| Updating 
| 593|0x00000000a5100000, 0x00000000a5200000, 0x00000000a5200000|100%| O|  |TAMS 0x00000000a5200000, 0x00000000a5100000| Updating 
| 594|0x00000000a5200000, 0x00000000a5300000, 0x00000000a5300000|100%| O|  |TAMS 0x00000000a5300000, 0x00000000a5200000| Updating 
| 595|0x00000000a5300000, 0x00000000a5400000, 0x00000000a5400000|100%| O|  |TAMS 0x00000000a5400000, 0x00000000a5300000| Updating 
| 596|0x00000000a5400000, 0x00000000a5500000, 0x00000000a5500000|100%| O|  |TAMS 0x00000000a5500000, 0x00000000a5400000| Updating 
| 597|0x00000000a5500000, 0x00000000a5600000, 0x00000000a5600000|100%| O|  |TAMS 0x00000000a5600000, 0x00000000a5500000| Updating 
| 598|0x00000000a5600000, 0x00000000a5700000, 0x00000000a5700000|100%| O|  |TAMS 0x00000000a5700000, 0x00000000a5600000| Updating 
| 599|0x00000000a5700000, 0x00000000a5800000, 0x00000000a5800000|100%| O|  |TAMS 0x00000000a5800000, 0x00000000a5700000| Updating 
| 600|0x00000000a5800000, 0x00000000a5900000, 0x00000000a5900000|100%| O|  |TAMS 0x00000000a5900000, 0x00000000a5800000| Updating 
| 601|0x00000000a5900000, 0x00000000a5a00000, 0x00000000a5a00000|100%| O|  |TAMS 0x00000000a5a00000, 0x00000000a5900000| Updating 
| 602|0x00000000a5a00000, 0x00000000a5b00000, 0x00000000a5b00000|100%| O|  |TAMS 0x00000000a5b00000, 0x00000000a5a00000| Updating 
| 603|0x00000000a5b00000, 0x00000000a5c00000, 0x00000000a5c00000|100%| O|  |TAMS 0x00000000a5c00000, 0x00000000a5b00000| Updating 
| 604|0x00000000a5c00000, 0x00000000a5d00000, 0x00000000a5d00000|100%| O|  |TAMS 0x00000000a5d00000, 0x00000000a5c00000| Updating 
| 605|0x00000000a5d00000, 0x00000000a5e00000, 0x00000000a5e00000|100%| O|  |TAMS 0x00000000a5e00000, 0x00000000a5d00000| Updating 
| 606|0x00000000a5e00000, 0x00000000a5f00000, 0x00000000a5f00000|100%| O|  |TAMS 0x00000000a5f00000, 0x00000000a5e00000| Updating 
| 607|0x00000000a5f00000, 0x00000000a6000000, 0x00000000a6000000|100%| O|  |TAMS 0x00000000a6000000, 0x00000000a5f00000| Updating 
| 608|0x00000000a6000000, 0x00000000a6100000, 0x00000000a6100000|100%| O|  |TAMS 0x00000000a6100000, 0x00000000a6000000| Updating 
| 609|0x00000000a6100000, 0x00000000a6200000, 0x00000000a6200000|100%| O|  |TAMS 0x00000000a6200000, 0x00000000a6100000| Updating 
| 610|0x00000000a6200000, 0x00000000a6300000, 0x00000000a6300000|100%| O|  |TAMS 0x00000000a6300000, 0x00000000a6200000| Updating 
| 611|0x00000000a6300000, 0x00000000a6400000, 0x00000000a6400000|100%| O|  |TAMS 0x00000000a6400000, 0x00000000a6300000| Updating 
| 612|0x00000000a6400000, 0x00000000a6400000, 0x00000000a6500000|  0%| F|  |TAMS 0x00000000a6400000, 0x00000000a6400000| Untracked 
| 613|0x00000000a6500000, 0x00000000a6600000, 0x00000000a6600000|100%| O|  |TAMS 0x00000000a6600000, 0x00000000a6500000| Updating 
| 614|0x00000000a6600000, 0x00000000a6700000, 0x00000000a6700000|100%| O|  |TAMS 0x00000000a6700000, 0x00000000a6600000| Updating 
| 615|0x00000000a6700000, 0x00000000a6800000, 0x00000000a6800000|100%| O|  |TAMS 0x00000000a6800000, 0x00000000a6700000| Updating 
| 616|0x00000000a6800000, 0x00000000a6900000, 0x00000000a6900000|100%| O|  |TAMS 0x00000000a6900000, 0x00000000a6800000| Updating 
| 617|0x00000000a6900000, 0x00000000a6a00000, 0x00000000a6a00000|100%| O|  |TAMS 0x00000000a6a00000, 0x00000000a6900000| Updating 
| 618|0x00000000a6a00000, 0x00000000a6b00000, 0x00000000a6b00000|100%| O|  |TAMS 0x00000000a6b00000, 0x00000000a6a00000| Updating 
| 619|0x00000000a6b00000, 0x00000000a6c00000, 0x00000000a6c00000|100%| O|  |TAMS 0x00000000a6c00000, 0x00000000a6b00000| Updating 
| 620|0x00000000a6c00000, 0x00000000a6d00000, 0x00000000a6d00000|100%| O|  |TAMS 0x00000000a6d00000, 0x00000000a6c00000| Updating 
| 621|0x00000000a6d00000, 0x00000000a6e00000, 0x00000000a6e00000|100%| O|  |TAMS 0x00000000a6e00000, 0x00000000a6d00000| Updating 
| 622|0x00000000a6e00000, 0x00000000a6f00000, 0x00000000a6f00000|100%| O|  |TAMS 0x00000000a6f00000, 0x00000000a6e00000| Updating 
| 623|0x00000000a6f00000, 0x00000000a7000000, 0x00000000a7000000|100%| O|  |TAMS 0x00000000a7000000, 0x00000000a6f00000| Updating 
| 624|0x00000000a7000000, 0x00000000a7100000, 0x00000000a7100000|100%| O|  |TAMS 0x00000000a7100000, 0x00000000a7000000| Updating 
| 625|0x00000000a7100000, 0x00000000a7200000, 0x00000000a7200000|100%| O|  |TAMS 0x00000000a7200000, 0x00000000a7100000| Updating 
| 626|0x00000000a7200000, 0x00000000a7300000, 0x00000000a7300000|100%| O|  |TAMS 0x00000000a7300000, 0x00000000a7200000| Updating 
| 627|0x00000000a7300000, 0x00000000a7400000, 0x00000000a7400000|100%| O|  |TAMS 0x00000000a7400000, 0x00000000a7300000| Updating 
| 628|0x00000000a7400000, 0x00000000a7500000, 0x00000000a7500000|100%| O|  |TAMS 0x00000000a7500000, 0x00000000a7400000| Updating 
| 629|0x00000000a7500000, 0x00000000a7600000, 0x00000000a7600000|100%| O|  |TAMS 0x00000000a7600000, 0x00000000a7500000| Updating 
| 630|0x00000000a7600000, 0x00000000a7700000, 0x00000000a7700000|100%| O|  |TAMS 0x00000000a7700000, 0x00000000a7600000| Updating 
| 631|0x00000000a7700000, 0x00000000a7800000, 0x00000000a7800000|100%| O|  |TAMS 0x00000000a7800000, 0x00000000a7700000| Updating 
| 632|0x00000000a7800000, 0x00000000a7900000, 0x00000000a7900000|100%| O|  |TAMS 0x00000000a7900000, 0x00000000a7800000| Updating 
| 633|0x00000000a7900000, 0x00000000a7a00000, 0x00000000a7a00000|100%| O|  |TAMS 0x00000000a7a00000, 0x00000000a7900000| Updating 
| 634|0x00000000a7a00000, 0x00000000a7b00000, 0x00000000a7b00000|100%| O|  |TAMS 0x00000000a7b00000, 0x00000000a7a00000| Updating 
| 635|0x00000000a7b00000, 0x00000000a7c00000, 0x00000000a7c00000|100%| O|  |TAMS 0x00000000a7c00000, 0x00000000a7b00000| Updating 
| 636|0x00000000a7c00000, 0x00000000a7d00000, 0x00000000a7d00000|100%| O|  |TAMS 0x00000000a7d00000, 0x00000000a7c00000| Updating 
| 637|0x00000000a7d00000, 0x00000000a7e00000, 0x00000000a7e00000|100%| O|  |TAMS 0x00000000a7e00000, 0x00000000a7d00000| Updating 
| 638|0x00000000a7e00000, 0x00000000a7f00000, 0x00000000a7f00000|100%| O|  |TAMS 0x00000000a7f00000, 0x00000000a7e00000| Updating 
| 639|0x00000000a7f00000, 0x00000000a8000000, 0x00000000a8000000|100%| O|  |TAMS 0x00000000a8000000, 0x00000000a7f00000| Updating 
| 640|0x00000000a8000000, 0x00000000a8100000, 0x00000000a8100000|100%| O|  |TAMS 0x00000000a8100000, 0x00000000a8000000| Updating 
| 641|0x00000000a8100000, 0x00000000a8200000, 0x00000000a8200000|100%| O|  |TAMS 0x00000000a8200000, 0x00000000a8100000| Updating 
| 642|0x00000000a8200000, 0x00000000a8300000, 0x00000000a8300000|100%| O|  |TAMS 0x00000000a8300000, 0x00000000a8200000| Updating 
| 643|0x00000000a8300000, 0x00000000a8400000, 0x00000000a8400000|100%| O|  |TAMS 0x00000000a8400000, 0x00000000a8300000| Updating 
| 644|0x00000000a8400000, 0x00000000a8500000, 0x00000000a8500000|100%| O|  |TAMS 0x00000000a8500000, 0x00000000a8400000| Updating 
| 645|0x00000000a8500000, 0x00000000a8600000, 0x00000000a8600000|100%| O|  |TAMS 0x00000000a8600000, 0x00000000a8500000| Updating 
| 646|0x00000000a8600000, 0x00000000a8700000, 0x00000000a8700000|100%| O|  |TAMS 0x00000000a8700000, 0x00000000a8600000| Updating 
| 647|0x00000000a8700000, 0x00000000a8800000, 0x00000000a8800000|100%| O|  |TAMS 0x00000000a8800000, 0x00000000a8700000| Updating 
| 648|0x00000000a8800000, 0x00000000a8900000, 0x00000000a8900000|100%| O|  |TAMS 0x00000000a8900000, 0x00000000a8800000| Updating 
| 649|0x00000000a8900000, 0x00000000a8a00000, 0x00000000a8a00000|100%| O|  |TAMS 0x00000000a8a00000, 0x00000000a8900000| Updating 
| 650|0x00000000a8a00000, 0x00000000a8b00000, 0x00000000a8b00000|100%| O|  |TAMS 0x00000000a8b00000, 0x00000000a8a00000| Updating 
| 651|0x00000000a8b00000, 0x00000000a8c00000, 0x00000000a8c00000|100%| O|  |TAMS 0x00000000a8c00000, 0x00000000a8b00000| Updating 
| 652|0x00000000a8c00000, 0x00000000a8d00000, 0x00000000a8d00000|100%| O|  |TAMS 0x00000000a8d00000, 0x00000000a8c00000| Updating 
| 653|0x00000000a8d00000, 0x00000000a8e00000, 0x00000000a8e00000|100%| O|  |TAMS 0x00000000a8e00000, 0x00000000a8d00000| Updating 
| 654|0x00000000a8e00000, 0x00000000a8f00000, 0x00000000a8f00000|100%| O|  |TAMS 0x00000000a8f00000, 0x00000000a8e00000| Updating 
| 655|0x00000000a8f00000, 0x00000000a9000000, 0x00000000a9000000|100%| O|  |TAMS 0x00000000a9000000, 0x00000000a8f00000| Updating 
| 656|0x00000000a9000000, 0x00000000a9100000, 0x00000000a9100000|100%| O|  |TAMS 0x00000000a9100000, 0x00000000a9000000| Updating 
| 657|0x00000000a9100000, 0x00000000a9200000, 0x00000000a9200000|100%| O|  |TAMS 0x00000000a9200000, 0x00000000a9100000| Updating 
| 658|0x00000000a9200000, 0x00000000a9300000, 0x00000000a9300000|100%| O|  |TAMS 0x00000000a9300000, 0x00000000a9200000| Updating 
| 659|0x00000000a9300000, 0x00000000a9400000, 0x00000000a9400000|100%| O|  |TAMS 0x00000000a9400000, 0x00000000a9300000| Updating 
| 660|0x00000000a9400000, 0x00000000a9500000, 0x00000000a9500000|100%| O|  |TAMS 0x00000000a9500000, 0x00000000a9400000| Updating 
| 661|0x00000000a9500000, 0x00000000a9600000, 0x00000000a9600000|100%| O|  |TAMS 0x00000000a9600000, 0x00000000a9500000| Updating 
| 662|0x00000000a9600000, 0x00000000a9700000, 0x00000000a9700000|100%| O|  |TAMS 0x00000000a9700000, 0x00000000a9600000| Updating 
| 663|0x00000000a9700000, 0x00000000a9800000, 0x00000000a9800000|100%| O|  |TAMS 0x00000000a9800000, 0x00000000a9700000| Updating 
| 664|0x00000000a9800000, 0x00000000a9900000, 0x00000000a9900000|100%| O|  |TAMS 0x00000000a9900000, 0x00000000a9800000| Updating 
| 665|0x00000000a9900000, 0x00000000a9a00000, 0x00000000a9a00000|100%| O|  |TAMS 0x00000000a9a00000, 0x00000000a9900000| Updating 
| 666|0x00000000a9a00000, 0x00000000a9b00000, 0x00000000a9b00000|100%| O|  |TAMS 0x00000000a9b00000, 0x00000000a9a00000| Updating 
| 667|0x00000000a9b00000, 0x00000000a9c00000, 0x00000000a9c00000|100%| O|  |TAMS 0x00000000a9c00000, 0x00000000a9b00000| Updating 
| 668|0x00000000a9c00000, 0x00000000a9d00000, 0x00000000a9d00000|100%| O|  |TAMS 0x00000000a9d00000, 0x00000000a9c00000| Updating 
| 669|0x00000000a9d00000, 0x00000000a9e00000, 0x00000000a9e00000|100%| O|  |TAMS 0x00000000a9e00000, 0x00000000a9d00000| Updating 
| 670|0x00000000a9e00000, 0x00000000a9f00000, 0x00000000a9f00000|100%| O|  |TAMS 0x00000000a9f00000, 0x00000000a9e00000| Updating 
| 671|0x00000000a9f00000, 0x00000000aa000000, 0x00000000aa000000|100%| O|  |TAMS 0x00000000aa000000, 0x00000000a9f00000| Updating 
| 672|0x00000000aa000000, 0x00000000aa100000, 0x00000000aa100000|100%| O|  |TAMS 0x00000000aa100000, 0x00000000aa000000| Updating 
| 673|0x00000000aa100000, 0x00000000aa200000, 0x00000000aa200000|100%| O|  |TAMS 0x00000000aa200000, 0x00000000aa100000| Updating 
| 674|0x00000000aa200000, 0x00000000aa300000, 0x00000000aa300000|100%| O|  |TAMS 0x00000000aa300000, 0x00000000aa200000| Updating 
| 675|0x00000000aa300000, 0x00000000aa400000, 0x00000000aa400000|100%| O|  |TAMS 0x00000000aa400000, 0x00000000aa300000| Updating 
| 676|0x00000000aa400000, 0x00000000aa500000, 0x00000000aa500000|100%| O|  |TAMS 0x00000000aa500000, 0x00000000aa400000| Updating 
| 677|0x00000000aa500000, 0x00000000aa600000, 0x00000000aa600000|100%| O|  |TAMS 0x00000000aa600000, 0x00000000aa500000| Updating 
| 678|0x00000000aa600000, 0x00000000aa700000, 0x00000000aa700000|100%| O|  |TAMS 0x00000000aa700000, 0x00000000aa600000| Updating 
| 679|0x00000000aa700000, 0x00000000aa800000, 0x00000000aa800000|100%| O|  |TAMS 0x00000000aa800000, 0x00000000aa700000| Updating 
| 680|0x00000000aa800000, 0x00000000aa900000, 0x00000000aa900000|100%| O|  |TAMS 0x00000000aa900000, 0x00000000aa800000| Updating 
| 681|0x00000000aa900000, 0x00000000aaa00000, 0x00000000aaa00000|100%| O|  |TAMS 0x00000000aaa00000, 0x00000000aa900000| Updating 
| 682|0x00000000aaa00000, 0x00000000aab00000, 0x00000000aab00000|100%| O|  |TAMS 0x00000000aab00000, 0x00000000aaa00000| Updating 
| 683|0x00000000aab00000, 0x00000000aac00000, 0x00000000aac00000|100%| O|  |TAMS 0x00000000aac00000, 0x00000000aab00000| Updating 
| 684|0x00000000aac00000, 0x00000000aad00000, 0x00000000aad00000|100%| O|  |TAMS 0x00000000aad00000, 0x00000000aac00000| Updating 
| 685|0x00000000aad00000, 0x00000000aae00000, 0x00000000aae00000|100%| O|  |TAMS 0x00000000aae00000, 0x00000000aad00000| Updating 
| 686|0x00000000aae00000, 0x00000000aae00000, 0x00000000aaf00000|  0%| F|  |TAMS 0x00000000aae00000, 0x00000000aae00000| Untracked 
| 687|0x00000000aaf00000, 0x00000000ab000000, 0x00000000ab000000|100%| O|  |TAMS 0x00000000ab000000, 0x00000000aaf00000| Updating 
| 688|0x00000000ab000000, 0x00000000ab100000, 0x00000000ab100000|100%| O|  |TAMS 0x00000000ab100000, 0x00000000ab000000| Updating 
| 689|0x00000000ab100000, 0x00000000ab200000, 0x00000000ab200000|100%| O|  |TAMS 0x00000000ab200000, 0x00000000ab100000| Updating 
| 690|0x00000000ab200000, 0x00000000ab300000, 0x00000000ab300000|100%| O|  |TAMS 0x00000000ab300000, 0x00000000ab200000| Updating 
| 691|0x00000000ab300000, 0x00000000ab400000, 0x00000000ab400000|100%| O|  |TAMS 0x00000000ab400000, 0x00000000ab300000| Updating 
| 692|0x00000000ab400000, 0x00000000ab500000, 0x00000000ab500000|100%| O|  |TAMS 0x00000000ab500000, 0x00000000ab400000| Updating 
| 693|0x00000000ab500000, 0x00000000ab500000, 0x00000000ab600000|  0%| F|  |TAMS 0x00000000ab500000, 0x00000000ab500000| Untracked 
| 694|0x00000000ab600000, 0x00000000ab600000, 0x00000000ab700000|  0%| F|  |TAMS 0x00000000ab600000, 0x00000000ab600000| Untracked 
| 695|0x00000000ab700000, 0x00000000ab800000, 0x00000000ab800000|100%| O|  |TAMS 0x00000000ab800000, 0x00000000ab700000| Updating 
| 696|0x00000000ab800000, 0x00000000ab900000, 0x00000000ab900000|100%| O|  |TAMS 0x00000000ab900000, 0x00000000ab800000| Updating 
| 697|0x00000000ab900000, 0x00000000aba00000, 0x00000000aba00000|100%| O|  |TAMS 0x00000000aba00000, 0x00000000ab900000| Updating 
| 698|0x00000000aba00000, 0x00000000abb00000, 0x00000000abb00000|100%| O|  |TAMS 0x00000000abb00000, 0x00000000aba00000| Updating 
| 699|0x00000000abb00000, 0x00000000abc00000, 0x00000000abc00000|100%| O|  |TAMS 0x00000000abc00000, 0x00000000abb00000| Updating 
| 700|0x00000000abc00000, 0x00000000abd00000, 0x00000000abd00000|100%| O|  |TAMS 0x00000000abd00000, 0x00000000abc00000| Updating 
| 701|0x00000000abd00000, 0x00000000abe00000, 0x00000000abe00000|100%| O|  |TAMS 0x00000000abe00000, 0x00000000abd00000| Updating 
| 702|0x00000000abe00000, 0x00000000abf00000, 0x00000000abf00000|100%| O|  |TAMS 0x00000000abf00000, 0x00000000abe00000| Updating 
| 703|0x00000000abf00000, 0x00000000abf00000, 0x00000000ac000000|  0%| F|  |TAMS 0x00000000abf00000, 0x00000000abf00000| Untracked 
| 704|0x00000000ac000000, 0x00000000ac100000, 0x00000000ac100000|100%| O|  |TAMS 0x00000000ac100000, 0x00000000ac000000| Updating 
| 705|0x00000000ac100000, 0x00000000ac200000, 0x00000000ac200000|100%| O|  |TAMS 0x00000000ac200000, 0x00000000ac100000| Updating 
| 706|0x00000000ac200000, 0x00000000ac200000, 0x00000000ac300000|  0%| F|  |TAMS 0x00000000ac200000, 0x00000000ac200000| Untracked 
| 707|0x00000000ac300000, 0x00000000ac300000, 0x00000000ac400000|  0%| F|  |TAMS 0x00000000ac300000, 0x00000000ac300000| Untracked 
| 708|0x00000000ac400000, 0x00000000ac400000, 0x00000000ac500000|  0%| F|  |TAMS 0x00000000ac400000, 0x00000000ac400000| Untracked 
| 709|0x00000000ac500000, 0x00000000ac500000, 0x00000000ac600000|  0%| F|  |TAMS 0x00000000ac500000, 0x00000000ac500000| Untracked 
| 710|0x00000000ac600000, 0x00000000ac600000, 0x00000000ac700000|  0%| F|  |TAMS 0x00000000ac600000, 0x00000000ac600000| Untracked 
| 711|0x00000000ac700000, 0x00000000ac800000, 0x00000000ac800000|100%| O|  |TAMS 0x00000000ac800000, 0x00000000ac700000| Updating 
| 712|0x00000000ac800000, 0x00000000ac900000, 0x00000000ac900000|100%| O|  |TAMS 0x00000000ac900000, 0x00000000ac800000| Updating 
| 713|0x00000000ac900000, 0x00000000aca00000, 0x00000000aca00000|100%| O|  |TAMS 0x00000000aca00000, 0x00000000ac900000| Updating 
| 714|0x00000000aca00000, 0x00000000aca00000, 0x00000000acb00000|  0%| F|  |TAMS 0x00000000aca00000, 0x00000000aca00000| Untracked 
| 715|0x00000000acb00000, 0x00000000acb00000, 0x00000000acc00000|  0%| F|  |TAMS 0x00000000acb00000, 0x00000000acb00000| Untracked 
| 716|0x00000000acc00000, 0x00000000acd00000, 0x00000000acd00000|100%| O|  |TAMS 0x00000000acd00000, 0x00000000acc00000| Updating 
| 717|0x00000000acd00000, 0x00000000ace00000, 0x00000000ace00000|100%| O|  |TAMS 0x00000000ace00000, 0x00000000acd00000| Updating 
| 718|0x00000000ace00000, 0x00000000acf00000, 0x00000000acf00000|100%| O|  |TAMS 0x00000000acf00000, 0x00000000ace00000| Updating 
| 719|0x00000000acf00000, 0x00000000acf00000, 0x00000000ad000000|  0%| F|  |TAMS 0x00000000acf00000, 0x00000000acf00000| Untracked 
| 720|0x00000000ad000000, 0x00000000ad000000, 0x00000000ad100000|  0%| F|  |TAMS 0x00000000ad000000, 0x00000000ad000000| Untracked 
| 721|0x00000000ad100000, 0x00000000ad100000, 0x00000000ad200000|  0%| F|  |TAMS 0x00000000ad100000, 0x00000000ad100000| Untracked 
| 722|0x00000000ad200000, 0x00000000ad200000, 0x00000000ad300000|  0%| F|  |TAMS 0x00000000ad200000, 0x00000000ad200000| Untracked 
| 723|0x00000000ad300000, 0x00000000ad300000, 0x00000000ad400000|  0%| F|  |TAMS 0x00000000ad300000, 0x00000000ad300000| Untracked 
| 724|0x00000000ad400000, 0x00000000ad500000, 0x00000000ad500000|100%| O|  |TAMS 0x00000000ad500000, 0x00000000ad400000| Updating 
| 725|0x00000000ad500000, 0x00000000ad600000, 0x00000000ad600000|100%| O|  |TAMS 0x00000000ad600000, 0x00000000ad500000| Updating 
| 726|0x00000000ad600000, 0x00000000ad700000, 0x00000000ad700000|100%| O|  |TAMS 0x00000000ad700000, 0x00000000ad600000| Updating 
| 727|0x00000000ad700000, 0x00000000ad700000, 0x00000000ad800000|  0%| F|  |TAMS 0x00000000ad700000, 0x00000000ad700000| Untracked 
| 728|0x00000000ad800000, 0x00000000ad800000, 0x00000000ad900000|  0%| F|  |TAMS 0x00000000ad800000, 0x00000000ad800000| Untracked 
| 729|0x00000000ad900000, 0x00000000ada00000, 0x00000000ada00000|100%| O|  |TAMS 0x00000000ada00000, 0x00000000ad900000| Updating 
| 730|0x00000000ada00000, 0x00000000adb00000, 0x00000000adb00000|100%| O|  |TAMS 0x00000000adb00000, 0x00000000ada00000| Updating 
| 731|0x00000000adb00000, 0x00000000adc00000, 0x00000000adc00000|100%| O|  |TAMS 0x00000000adc00000, 0x00000000adb00000| Updating 
| 732|0x00000000adc00000, 0x00000000adc00000, 0x00000000add00000|  0%| F|  |TAMS 0x00000000adc00000, 0x00000000adc00000| Untracked 
| 733|0x00000000add00000, 0x00000000add00000, 0x00000000ade00000|  0%| F|  |TAMS 0x00000000add00000, 0x00000000add00000| Untracked 
| 734|0x00000000ade00000, 0x00000000ade00000, 0x00000000adf00000|  0%| F|  |TAMS 0x00000000ade00000, 0x00000000ade00000| Untracked 
| 735|0x00000000adf00000, 0x00000000ae000000, 0x00000000ae000000|100%| O|  |TAMS 0x00000000ae000000, 0x00000000adf00000| Updating 
| 736|0x00000000ae000000, 0x00000000ae100000, 0x00000000ae100000|100%| O|  |TAMS 0x00000000ae100000, 0x00000000ae000000| Updating 
| 737|0x00000000ae100000, 0x00000000ae100000, 0x00000000ae200000|  0%| F|  |TAMS 0x00000000ae100000, 0x00000000ae100000| Untracked 
| 738|0x00000000ae200000, 0x00000000ae200000, 0x00000000ae300000|  0%| F|  |TAMS 0x00000000ae200000, 0x00000000ae200000| Untracked 
| 739|0x00000000ae300000, 0x00000000ae400000, 0x00000000ae400000|100%| O|  |TAMS 0x00000000ae400000, 0x00000000ae300000| Updating 
| 740|0x00000000ae400000, 0x00000000ae400000, 0x00000000ae500000|  0%| F|  |TAMS 0x00000000ae400000, 0x00000000ae400000| Untracked 
| 741|0x00000000ae500000, 0x00000000ae500000, 0x00000000ae600000|  0%| F|  |TAMS 0x00000000ae500000, 0x00000000ae500000| Untracked 
| 742|0x00000000ae600000, 0x00000000ae700000, 0x00000000ae700000|100%| O|  |TAMS 0x00000000ae700000, 0x00000000ae600000| Updating 
| 743|0x00000000ae700000, 0x00000000ae800000, 0x00000000ae800000|100%| O|  |TAMS 0x00000000ae800000, 0x00000000ae700000| Updating 
| 744|0x00000000ae800000, 0x00000000ae900000, 0x00000000ae900000|100%| O|  |TAMS 0x00000000ae900000, 0x00000000ae800000| Updating 
| 745|0x00000000ae900000, 0x00000000aea00000, 0x00000000aea00000|100%| O|  |TAMS 0x00000000aea00000, 0x00000000ae900000| Updating 
| 746|0x00000000aea00000, 0x00000000aeb00000, 0x00000000aeb00000|100%| O|  |TAMS 0x00000000aeb00000, 0x00000000aea00000| Updating 
| 747|0x00000000aeb00000, 0x00000000aec00000, 0x00000000aec00000|100%| O|  |TAMS 0x00000000aec00000, 0x00000000aeb00000| Updating 
| 748|0x00000000aec00000, 0x00000000aec00000, 0x00000000aed00000|  0%| F|  |TAMS 0x00000000aec00000, 0x00000000aec00000| Untracked 
| 749|0x00000000aed00000, 0x00000000aee00000, 0x00000000aee00000|100%| O|  |TAMS 0x00000000aee00000, 0x00000000aed00000| Updating 
| 750|0x00000000aee00000, 0x00000000aef00000, 0x00000000aef00000|100%| O|  |TAMS 0x00000000aef00000, 0x00000000aee00000| Updating 
| 751|0x00000000aef00000, 0x00000000aef00000, 0x00000000af000000|  0%| F|  |TAMS 0x00000000aef00000, 0x00000000aef00000| Untracked 
| 752|0x00000000af000000, 0x00000000af100000, 0x00000000af100000|100%| O|  |TAMS 0x00000000af100000, 0x00000000af000000| Updating 
| 753|0x00000000af100000, 0x00000000af200000, 0x00000000af200000|100%| O|  |TAMS 0x00000000af200000, 0x00000000af100000| Updating 
| 754|0x00000000af200000, 0x00000000af300000, 0x00000000af300000|100%| O|  |TAMS 0x00000000af300000, 0x00000000af200000| Updating 
| 755|0x00000000af300000, 0x00000000af400000, 0x00000000af400000|100%| O|  |TAMS 0x00000000af400000, 0x00000000af300000| Updating 
| 756|0x00000000af400000, 0x00000000af500000, 0x00000000af500000|100%| O|  |TAMS 0x00000000af500000, 0x00000000af400000| Updating 
| 757|0x00000000af500000, 0x00000000af600000, 0x00000000af600000|100%| O|  |TAMS 0x00000000af600000, 0x00000000af500000| Updating 
| 758|0x00000000af600000, 0x00000000af600000, 0x00000000af700000|  0%| F|  |TAMS 0x00000000af600000, 0x00000000af600000| Untracked 
| 759|0x00000000af700000, 0x00000000af800000, 0x00000000af800000|100%| O|  |TAMS 0x00000000af800000, 0x00000000af700000| Updating 
| 760|0x00000000af800000, 0x00000000af900000, 0x00000000af900000|100%| O|  |TAMS 0x00000000af900000, 0x00000000af800000| Updating 
| 761|0x00000000af900000, 0x00000000afa00000, 0x00000000afa00000|100%| O|  |TAMS 0x00000000afa00000, 0x00000000af900000| Updating 
| 762|0x00000000afa00000, 0x00000000afb00000, 0x00000000afb00000|100%| O|  |TAMS 0x00000000afb00000, 0x00000000afa00000| Updating 
| 763|0x00000000afb00000, 0x00000000afc00000, 0x00000000afc00000|100%| O|  |TAMS 0x00000000afc00000, 0x00000000afb00000| Updating 
| 764|0x00000000afc00000, 0x00000000afd00000, 0x00000000afd00000|100%| O|  |TAMS 0x00000000afd00000, 0x00000000afc00000| Updating 
| 765|0x00000000afd00000, 0x00000000afe00000, 0x00000000afe00000|100%| O|  |TAMS 0x00000000afe00000, 0x00000000afd00000| Updating 
| 766|0x00000000afe00000, 0x00000000aff00000, 0x00000000aff00000|100%| O|  |TAMS 0x00000000aff00000, 0x00000000afe00000| Updating 
| 767|0x00000000aff00000, 0x00000000b0000000, 0x00000000b0000000|100%| O|  |TAMS 0x00000000b0000000, 0x00000000aff00000| Updating 
| 768|0x00000000b0000000, 0x00000000b0000000, 0x00000000b0100000|  0%| F|  |TAMS 0x00000000b0000000, 0x00000000b0000000| Untracked 
| 769|0x00000000b0100000, 0x00000000b0100000, 0x00000000b0200000|  0%| F|  |TAMS 0x00000000b0100000, 0x00000000b0100000| Untracked 
| 770|0x00000000b0200000, 0x00000000b0200000, 0x00000000b0300000|  0%| F|  |TAMS 0x00000000b0200000, 0x00000000b0200000| Untracked 
| 771|0x00000000b0300000, 0x00000000b0300000, 0x00000000b0400000|  0%| F|  |TAMS 0x00000000b0300000, 0x00000000b0300000| Untracked 
| 772|0x00000000b0400000, 0x00000000b0400000, 0x00000000b0500000|  0%| F|  |TAMS 0x00000000b0400000, 0x00000000b0400000| Untracked 
| 773|0x00000000b0500000, 0x00000000b0500000, 0x00000000b0600000|  0%| F|  |TAMS 0x00000000b0500000, 0x00000000b0500000| Untracked 
| 774|0x00000000b0600000, 0x00000000b0700000, 0x00000000b0700000|100%| O|  |TAMS 0x00000000b0700000, 0x00000000b0600000| Updating 
| 775|0x00000000b0700000, 0x00000000b0800000, 0x00000000b0800000|100%| O|  |TAMS 0x00000000b0800000, 0x00000000b0700000| Updating 
| 776|0x00000000b0800000, 0x00000000b0800000, 0x00000000b0900000|  0%| F|  |TAMS 0x00000000b0800000, 0x00000000b0800000| Untracked 
| 777|0x00000000b0900000, 0x00000000b0900000, 0x00000000b0a00000|  0%| F|  |TAMS 0x00000000b0900000, 0x00000000b0900000| Untracked 
| 778|0x00000000b0a00000, 0x00000000b0a00000, 0x00000000b0b00000|  0%| F|  |TAMS 0x00000000b0a00000, 0x00000000b0a00000| Untracked 
| 779|0x00000000b0b00000, 0x00000000b0c00000, 0x00000000b0c00000|100%| O|  |TAMS 0x00000000b0c00000, 0x00000000b0b00000| Updating 
| 780|0x00000000b0c00000, 0x00000000b0d00000, 0x00000000b0d00000|100%| O|  |TAMS 0x00000000b0d00000, 0x00000000b0c00000| Updating 
| 781|0x00000000b0d00000, 0x00000000b0e00000, 0x00000000b0e00000|100%| O|  |TAMS 0x00000000b0e00000, 0x00000000b0d00000| Updating 
| 782|0x00000000b0e00000, 0x00000000b0f00000, 0x00000000b0f00000|100%| O|  |TAMS 0x00000000b0f00000, 0x00000000b0e00000| Updating 
| 783|0x00000000b0f00000, 0x00000000b1000000, 0x00000000b1000000|100%| O|  |TAMS 0x00000000b1000000, 0x00000000b0f00000| Updating 
| 784|0x00000000b1000000, 0x00000000b1100000, 0x00000000b1100000|100%| O|  |TAMS 0x00000000b1100000, 0x00000000b1000000| Updating 
| 785|0x00000000b1100000, 0x00000000b1100000, 0x00000000b1200000|  0%| F|  |TAMS 0x00000000b1100000, 0x00000000b1100000| Untracked 
| 786|0x00000000b1200000, 0x00000000b1300000, 0x00000000b1300000|100%| O|  |TAMS 0x00000000b1300000, 0x00000000b1200000| Updating 
| 787|0x00000000b1300000, 0x00000000b1400000, 0x00000000b1400000|100%| O|  |TAMS 0x00000000b1400000, 0x00000000b1300000| Updating 
| 788|0x00000000b1400000, 0x00000000b1500000, 0x00000000b1500000|100%| O|  |TAMS 0x00000000b1500000, 0x00000000b1400000| Updating 
| 789|0x00000000b1500000, 0x00000000b1600000, 0x00000000b1600000|100%| O|  |TAMS 0x00000000b1600000, 0x00000000b1500000| Updating 
| 790|0x00000000b1600000, 0x00000000b1700000, 0x00000000b1700000|100%| O|  |TAMS 0x00000000b1700000, 0x00000000b1600000| Updating 
| 791|0x00000000b1700000, 0x00000000b1800000, 0x00000000b1800000|100%| O|  |TAMS 0x00000000b1800000, 0x00000000b1700000| Updating 
| 792|0x00000000b1800000, 0x00000000b1900000, 0x00000000b1900000|100%| O|  |TAMS 0x00000000b1900000, 0x00000000b1800000| Updating 
| 793|0x00000000b1900000, 0x00000000b1a00000, 0x00000000b1a00000|100%| O|  |TAMS 0x00000000b1a00000, 0x00000000b1900000| Updating 
| 794|0x00000000b1a00000, 0x00000000b1b00000, 0x00000000b1b00000|100%| O|  |TAMS 0x00000000b1b00000, 0x00000000b1a00000| Updating 
| 795|0x00000000b1b00000, 0x00000000b1c00000, 0x00000000b1c00000|100%| O|  |TAMS 0x00000000b1c00000, 0x00000000b1b00000| Updating 
| 796|0x00000000b1c00000, 0x00000000b1d00000, 0x00000000b1d00000|100%| O|  |TAMS 0x00000000b1d00000, 0x00000000b1c00000| Updating 
| 797|0x00000000b1d00000, 0x00000000b1e00000, 0x00000000b1e00000|100%| O|  |TAMS 0x00000000b1e00000, 0x00000000b1d00000| Updating 
| 798|0x00000000b1e00000, 0x00000000b1f00000, 0x00000000b1f00000|100%| O|  |TAMS 0x00000000b1f00000, 0x00000000b1e00000| Updating 
| 799|0x00000000b1f00000, 0x00000000b2000000, 0x00000000b2000000|100%| O|  |TAMS 0x00000000b2000000, 0x00000000b1f00000| Updating 
| 800|0x00000000b2000000, 0x00000000b2100000, 0x00000000b2100000|100%| O|  |TAMS 0x00000000b2100000, 0x00000000b2000000| Updating 
| 801|0x00000000b2100000, 0x00000000b2200000, 0x00000000b2200000|100%| O|  |TAMS 0x00000000b2200000, 0x00000000b2100000| Updating 
| 802|0x00000000b2200000, 0x00000000b2300000, 0x00000000b2300000|100%| O|  |TAMS 0x00000000b2300000, 0x00000000b2200000| Updating 
| 803|0x00000000b2300000, 0x00000000b2400000, 0x00000000b2400000|100%| O|  |TAMS 0x00000000b2400000, 0x00000000b2300000| Updating 
| 804|0x00000000b2400000, 0x00000000b2500000, 0x00000000b2500000|100%| O|  |TAMS 0x00000000b2500000, 0x00000000b2400000| Updating 
| 805|0x00000000b2500000, 0x00000000b2600000, 0x00000000b2600000|100%| O|  |TAMS 0x00000000b2600000, 0x00000000b2500000| Updating 
| 806|0x00000000b2600000, 0x00000000b2700000, 0x00000000b2700000|100%| O|  |TAMS 0x00000000b2700000, 0x00000000b2600000| Updating 
| 807|0x00000000b2700000, 0x00000000b2800000, 0x00000000b2800000|100%| O|  |TAMS 0x00000000b2800000, 0x00000000b2700000| Updating 
| 808|0x00000000b2800000, 0x00000000b2900000, 0x00000000b2900000|100%| O|  |TAMS 0x00000000b2900000, 0x00000000b2800000| Updating 
| 809|0x00000000b2900000, 0x00000000b2a00000, 0x00000000b2a00000|100%| O|  |TAMS 0x00000000b2a00000, 0x00000000b2900000| Updating 
| 810|0x00000000b2a00000, 0x00000000b2b00000, 0x00000000b2b00000|100%| O|  |TAMS 0x00000000b2b00000, 0x00000000b2a00000| Updating 
| 811|0x00000000b2b00000, 0x00000000b2c00000, 0x00000000b2c00000|100%| O|  |TAMS 0x00000000b2c00000, 0x00000000b2b00000| Updating 
| 812|0x00000000b2c00000, 0x00000000b2d00000, 0x00000000b2d00000|100%| O|  |TAMS 0x00000000b2d00000, 0x00000000b2c00000| Updating 
| 813|0x00000000b2d00000, 0x00000000b2e00000, 0x00000000b2e00000|100%| O|  |TAMS 0x00000000b2e00000, 0x00000000b2d00000| Updating 
| 814|0x00000000b2e00000, 0x00000000b2f00000, 0x00000000b2f00000|100%| O|  |TAMS 0x00000000b2f00000, 0x00000000b2e00000| Updating 
| 815|0x00000000b2f00000, 0x00000000b3000000, 0x00000000b3000000|100%| O|  |TAMS 0x00000000b3000000, 0x00000000b2f00000| Updating 
| 816|0x00000000b3000000, 0x00000000b3100000, 0x00000000b3100000|100%| O|  |TAMS 0x00000000b3100000, 0x00000000b3000000| Updating 
| 817|0x00000000b3100000, 0x00000000b3200000, 0x00000000b3200000|100%| O|  |TAMS 0x00000000b3200000, 0x00000000b3100000| Updating 
| 818|0x00000000b3200000, 0x00000000b3300000, 0x00000000b3300000|100%| O|  |TAMS 0x00000000b3300000, 0x00000000b3200000| Updating 
| 819|0x00000000b3300000, 0x00000000b3400000, 0x00000000b3400000|100%| O|  |TAMS 0x00000000b3400000, 0x00000000b3300000| Updating 
| 820|0x00000000b3400000, 0x00000000b3400000, 0x00000000b3500000|  0%| F|  |TAMS 0x00000000b3400000, 0x00000000b3400000| Untracked 
| 821|0x00000000b3500000, 0x00000000b3600000, 0x00000000b3600000|100%| O|  |TAMS 0x00000000b3600000, 0x00000000b3500000| Updating 
| 822|0x00000000b3600000, 0x00000000b3600000, 0x00000000b3700000|  0%| F|  |TAMS 0x00000000b3600000, 0x00000000b3600000| Untracked 
| 823|0x00000000b3700000, 0x00000000b3700000, 0x00000000b3800000|  0%| F|  |TAMS 0x00000000b3700000, 0x00000000b3700000| Untracked 
| 824|0x00000000b3800000, 0x00000000b3800000, 0x00000000b3900000|  0%| F|  |TAMS 0x00000000b3800000, 0x00000000b3800000| Untracked 
| 825|0x00000000b3900000, 0x00000000b3900000, 0x00000000b3a00000|  0%| F|  |TAMS 0x00000000b3900000, 0x00000000b3900000| Untracked 
| 826|0x00000000b3a00000, 0x00000000b3a00000, 0x00000000b3b00000|  0%| F|  |TAMS 0x00000000b3a00000, 0x00000000b3a00000| Untracked 
| 827|0x00000000b3b00000, 0x00000000b3c00000, 0x00000000b3c00000|100%| O|  |TAMS 0x00000000b3c00000, 0x00000000b3b00000| Updating 
| 828|0x00000000b3c00000, 0x00000000b3c00000, 0x00000000b3d00000|  0%| F|  |TAMS 0x00000000b3c00000, 0x00000000b3c00000| Untracked 
| 829|0x00000000b3d00000, 0x00000000b3d00000, 0x00000000b3e00000|  0%| F|  |TAMS 0x00000000b3d00000, 0x00000000b3d00000| Untracked 
| 830|0x00000000b3e00000, 0x00000000b3e00000, 0x00000000b3f00000|  0%| F|  |TAMS 0x00000000b3e00000, 0x00000000b3e00000| Untracked 
| 831|0x00000000b3f00000, 0x00000000b3f00000, 0x00000000b4000000|  0%| F|  |TAMS 0x00000000b3f00000, 0x00000000b3f00000| Untracked 
| 832|0x00000000b4000000, 0x00000000b4000000, 0x00000000b4100000|  0%| F|  |TAMS 0x00000000b4000000, 0x00000000b4000000| Untracked 
| 833|0x00000000b4100000, 0x00000000b4200000, 0x00000000b4200000|100%| O|  |TAMS 0x00000000b4200000, 0x00000000b4100000| Updating 
| 834|0x00000000b4200000, 0x00000000b4300000, 0x00000000b4300000|100%| O|  |TAMS 0x00000000b4300000, 0x00000000b4200000| Updating 
| 835|0x00000000b4300000, 0x00000000b4400000, 0x00000000b4400000|100%| O|  |TAMS 0x00000000b4400000, 0x00000000b4300000| Updating 
| 836|0x00000000b4400000, 0x00000000b4500000, 0x00000000b4500000|100%| O|  |TAMS 0x00000000b4500000, 0x00000000b4400000| Updating 
| 837|0x00000000b4500000, 0x00000000b4500000, 0x00000000b4600000|  0%| F|  |TAMS 0x00000000b4500000, 0x00000000b4500000| Untracked 
| 838|0x00000000b4600000, 0x00000000b4600000, 0x00000000b4700000|  0%| F|  |TAMS 0x00000000b4600000, 0x00000000b4600000| Untracked 
| 839|0x00000000b4700000, 0x00000000b4700000, 0x00000000b4800000|  0%| F|  |TAMS 0x00000000b4700000, 0x00000000b4700000| Untracked 
| 840|0x00000000b4800000, 0x00000000b4800000, 0x00000000b4900000|  0%| F|  |TAMS 0x00000000b4800000, 0x00000000b4800000| Untracked 
| 841|0x00000000b4900000, 0x00000000b4900000, 0x00000000b4a00000|  0%| F|  |TAMS 0x00000000b4900000, 0x00000000b4900000| Untracked 
| 842|0x00000000b4a00000, 0x00000000b4a00000, 0x00000000b4b00000|  0%| F|  |TAMS 0x00000000b4a00000, 0x00000000b4a00000| Untracked 
| 843|0x00000000b4b00000, 0x00000000b4c00000, 0x00000000b4c00000|100%| O|  |TAMS 0x00000000b4c00000, 0x00000000b4b00000| Updating 
| 844|0x00000000b4c00000, 0x00000000b4c00000, 0x00000000b4d00000|  0%| F|  |TAMS 0x00000000b4c00000, 0x00000000b4c00000| Untracked 
| 845|0x00000000b4d00000, 0x00000000b4e00000, 0x00000000b4e00000|100%| O|  |TAMS 0x00000000b4e00000, 0x00000000b4d00000| Updating 
| 846|0x00000000b4e00000, 0x00000000b4e00000, 0x00000000b4f00000|  0%| F|  |TAMS 0x00000000b4e00000, 0x00000000b4e00000| Untracked 
| 847|0x00000000b4f00000, 0x00000000b4f00000, 0x00000000b5000000|  0%| F|  |TAMS 0x00000000b4f00000, 0x00000000b4f00000| Untracked 
| 848|0x00000000b5000000, 0x00000000b5100000, 0x00000000b5100000|100%| O|  |TAMS 0x00000000b5100000, 0x00000000b5000000| Updating 
| 849|0x00000000b5100000, 0x00000000b5200000, 0x00000000b5200000|100%| O|  |TAMS 0x00000000b5200000, 0x00000000b5100000| Updating 
| 850|0x00000000b5200000, 0x00000000b5300000, 0x00000000b5300000|100%| O|  |TAMS 0x00000000b5300000, 0x00000000b5200000| Updating 
| 851|0x00000000b5300000, 0x00000000b5400000, 0x00000000b5400000|100%| O|  |TAMS 0x00000000b5400000, 0x00000000b5300000| Updating 
| 852|0x00000000b5400000, 0x00000000b5500000, 0x00000000b5500000|100%| O|  |TAMS 0x00000000b5500000, 0x00000000b5400000| Updating 
| 853|0x00000000b5500000, 0x00000000b5600000, 0x00000000b5600000|100%| O|  |TAMS 0x00000000b5600000, 0x00000000b5500000| Updating 
| 854|0x00000000b5600000, 0x00000000b5700000, 0x00000000b5700000|100%| O|  |TAMS 0x00000000b5700000, 0x00000000b5600000| Updating 
| 855|0x00000000b5700000, 0x00000000b5800000, 0x00000000b5800000|100%| O|  |TAMS 0x00000000b5800000, 0x00000000b5700000| Updating 
| 856|0x00000000b5800000, 0x00000000b5800000, 0x00000000b5900000|  0%| F|  |TAMS 0x00000000b5800000, 0x00000000b5800000| Untracked 
| 857|0x00000000b5900000, 0x00000000b5a00000, 0x00000000b5a00000|100%| O|  |TAMS 0x00000000b5a00000, 0x00000000b5900000| Updating 
| 858|0x00000000b5a00000, 0x00000000b5b00000, 0x00000000b5b00000|100%| O|  |TAMS 0x00000000b5b00000, 0x00000000b5a00000| Updating 
| 859|0x00000000b5b00000, 0x00000000b5c00000, 0x00000000b5c00000|100%| O|  |TAMS 0x00000000b5c00000, 0x00000000b5b00000| Updating 
| 860|0x00000000b5c00000, 0x00000000b5d00000, 0x00000000b5d00000|100%| O|  |TAMS 0x00000000b5d00000, 0x00000000b5c00000| Updating 
| 861|0x00000000b5d00000, 0x00000000b5e00000, 0x00000000b5e00000|100%| O|  |TAMS 0x00000000b5e00000, 0x00000000b5d00000| Updating 
| 862|0x00000000b5e00000, 0x00000000b5f00000, 0x00000000b5f00000|100%| O|  |TAMS 0x00000000b5f00000, 0x00000000b5e00000| Updating 
| 863|0x00000000b5f00000, 0x00000000b6000000, 0x00000000b6000000|100%| O|  |TAMS 0x00000000b6000000, 0x00000000b5f00000| Updating 
| 864|0x00000000b6000000, 0x00000000b6100000, 0x00000000b6100000|100%| O|  |TAMS 0x00000000b6100000, 0x00000000b6000000| Updating 
| 865|0x00000000b6100000, 0x00000000b6200000, 0x00000000b6200000|100%| O|  |TAMS 0x00000000b6200000, 0x00000000b6100000| Updating 
| 866|0x00000000b6200000, 0x00000000b6300000, 0x00000000b6300000|100%| O|  |TAMS 0x00000000b6300000, 0x00000000b6200000| Updating 
| 867|0x00000000b6300000, 0x00000000b6400000, 0x00000000b6400000|100%| O|  |TAMS 0x00000000b6400000, 0x00000000b6300000| Updating 
| 868|0x00000000b6400000, 0x00000000b6500000, 0x00000000b6500000|100%| O|  |TAMS 0x00000000b6500000, 0x00000000b6400000| Updating 
| 869|0x00000000b6500000, 0x00000000b6600000, 0x00000000b6600000|100%| O|  |TAMS 0x00000000b6600000, 0x00000000b6500000| Updating 
| 870|0x00000000b6600000, 0x00000000b6600000, 0x00000000b6700000|  0%| F|  |TAMS 0x00000000b6600000, 0x00000000b6600000| Untracked 
| 871|0x00000000b6700000, 0x00000000b6800000, 0x00000000b6800000|100%| O|  |TAMS 0x00000000b6800000, 0x00000000b6700000| Updating 
| 872|0x00000000b6800000, 0x00000000b6900000, 0x00000000b6900000|100%| O|  |TAMS 0x00000000b6900000, 0x00000000b6800000| Updating 
| 873|0x00000000b6900000, 0x00000000b6a00000, 0x00000000b6a00000|100%| O|  |TAMS 0x00000000b6a00000, 0x00000000b6900000| Updating 
| 874|0x00000000b6a00000, 0x00000000b6a00000, 0x00000000b6b00000|  0%| F|  |TAMS 0x00000000b6a00000, 0x00000000b6a00000| Untracked 
| 875|0x00000000b6b00000, 0x00000000b6b00000, 0x00000000b6c00000|  0%| F|  |TAMS 0x00000000b6b00000, 0x00000000b6b00000| Untracked 
| 876|0x00000000b6c00000, 0x00000000b6c00000, 0x00000000b6d00000|  0%| F|  |TAMS 0x00000000b6c00000, 0x00000000b6c00000| Untracked 
| 877|0x00000000b6d00000, 0x00000000b6e00000, 0x00000000b6e00000|100%| O|  |TAMS 0x00000000b6e00000, 0x00000000b6d00000| Updating 
| 878|0x00000000b6e00000, 0x00000000b6e00000, 0x00000000b6f00000|  0%| F|  |TAMS 0x00000000b6e00000, 0x00000000b6e00000| Untracked 
| 879|0x00000000b6f00000, 0x00000000b7000000, 0x00000000b7000000|100%| O|  |TAMS 0x00000000b7000000, 0x00000000b6f00000| Updating 
| 880|0x00000000b7000000, 0x00000000b7000000, 0x00000000b7100000|  0%| F|  |TAMS 0x00000000b7000000, 0x00000000b7000000| Untracked 
| 881|0x00000000b7100000, 0x00000000b7100000, 0x00000000b7200000|  0%| F|  |TAMS 0x00000000b7100000, 0x00000000b7100000| Untracked 
| 882|0x00000000b7200000, 0x00000000b7200000, 0x00000000b7300000|  0%| F|  |TAMS 0x00000000b7200000, 0x00000000b7200000| Untracked 
| 883|0x00000000b7300000, 0x00000000b7300000, 0x00000000b7400000|  0%| F|  |TAMS 0x00000000b7300000, 0x00000000b7300000| Untracked 
| 884|0x00000000b7400000, 0x00000000b7400000, 0x00000000b7500000|  0%| F|  |TAMS 0x00000000b7400000, 0x00000000b7400000| Untracked 
| 885|0x00000000b7500000, 0x00000000b7600000, 0x00000000b7600000|100%| O|  |TAMS 0x00000000b7600000, 0x00000000b7500000| Updating 
| 886|0x00000000b7600000, 0x00000000b7700000, 0x00000000b7700000|100%| O|  |TAMS 0x00000000b7700000, 0x00000000b7600000| Updating 
| 887|0x00000000b7700000, 0x00000000b7800000, 0x00000000b7800000|100%| O|  |TAMS 0x00000000b7800000, 0x00000000b7700000| Updating 
| 888|0x00000000b7800000, 0x00000000b7900000, 0x00000000b7900000|100%| O|  |TAMS 0x00000000b7900000, 0x00000000b7800000| Updating 
| 889|0x00000000b7900000, 0x00000000b7a00000, 0x00000000b7a00000|100%| O|  |TAMS 0x00000000b7a00000, 0x00000000b7900000| Updating 
| 890|0x00000000b7a00000, 0x00000000b7b00000, 0x00000000b7b00000|100%| O|  |TAMS 0x00000000b7b00000, 0x00000000b7a00000| Updating 
| 891|0x00000000b7b00000, 0x00000000b7c00000, 0x00000000b7c00000|100%| O|  |TAMS 0x00000000b7c00000, 0x00000000b7b00000| Updating 
| 892|0x00000000b7c00000, 0x00000000b7d00000, 0x00000000b7d00000|100%| O|  |TAMS 0x00000000b7d00000, 0x00000000b7c00000| Updating 
| 893|0x00000000b7d00000, 0x00000000b7e00000, 0x00000000b7e00000|100%| O|  |TAMS 0x00000000b7e00000, 0x00000000b7d00000| Updating 
| 894|0x00000000b7e00000, 0x00000000b7f00000, 0x00000000b7f00000|100%| O|  |TAMS 0x00000000b7f00000, 0x00000000b7e00000| Updating 
| 895|0x00000000b7f00000, 0x00000000b8000000, 0x00000000b8000000|100%| O|  |TAMS 0x00000000b8000000, 0x00000000b7f00000| Updating 
| 896|0x00000000b8000000, 0x00000000b8000000, 0x00000000b8100000|  0%| F|  |TAMS 0x00000000b8000000, 0x00000000b8000000| Untracked 
| 897|0x00000000b8100000, 0x00000000b8200000, 0x00000000b8200000|100%| O|  |TAMS 0x00000000b8200000, 0x00000000b8100000| Updating 
| 898|0x00000000b8200000, 0x00000000b8300000, 0x00000000b8300000|100%| O|  |TAMS 0x00000000b8300000, 0x00000000b8200000| Updating 
| 899|0x00000000b8300000, 0x00000000b8300000, 0x00000000b8400000|  0%| F|  |TAMS 0x00000000b8300000, 0x00000000b8300000| Untracked 
| 900|0x00000000b8400000, 0x00000000b8400000, 0x00000000b8500000|  0%| F|  |TAMS 0x00000000b8400000, 0x00000000b8400000| Untracked 
| 901|0x00000000b8500000, 0x00000000b8500000, 0x00000000b8600000|  0%| F|  |TAMS 0x00000000b8500000, 0x00000000b8500000| Untracked 
| 902|0x00000000b8600000, 0x00000000b8700000, 0x00000000b8700000|100%| O|  |TAMS 0x00000000b8700000, 0x00000000b8600000| Updating 
| 903|0x00000000b8700000, 0x00000000b8800000, 0x00000000b8800000|100%| O|  |TAMS 0x00000000b8800000, 0x00000000b8700000| Updating 
| 904|0x00000000b8800000, 0x00000000b8900000, 0x00000000b8900000|100%| O|  |TAMS 0x00000000b8900000, 0x00000000b8800000| Updating 
| 905|0x00000000b8900000, 0x00000000b8a00000, 0x00000000b8a00000|100%| O|  |TAMS 0x00000000b8a00000, 0x00000000b8900000| Updating 
| 906|0x00000000b8a00000, 0x00000000b8a00000, 0x00000000b8b00000|  0%| F|  |TAMS 0x00000000b8a00000, 0x00000000b8a00000| Untracked 
| 907|0x00000000b8b00000, 0x00000000b8b00000, 0x00000000b8c00000|  0%| F|  |TAMS 0x00000000b8b00000, 0x00000000b8b00000| Untracked 
| 908|0x00000000b8c00000, 0x00000000b8d00000, 0x00000000b8d00000|100%| O|  |TAMS 0x00000000b8d00000, 0x00000000b8c00000| Updating 
| 909|0x00000000b8d00000, 0x00000000b8d00000, 0x00000000b8e00000|  0%| F|  |TAMS 0x00000000b8d00000, 0x00000000b8d00000| Untracked 
| 910|0x00000000b8e00000, 0x00000000b8e00000, 0x00000000b8f00000|  0%| F|  |TAMS 0x00000000b8e00000, 0x00000000b8e00000| Untracked 
| 911|0x00000000b8f00000, 0x00000000b9000000, 0x00000000b9000000|100%| O|  |TAMS 0x00000000b9000000, 0x00000000b8f00000| Updating 
| 912|0x00000000b9000000, 0x00000000b9100000, 0x00000000b9100000|100%| O|  |TAMS 0x00000000b9100000, 0x00000000b9000000| Updating 
| 913|0x00000000b9100000, 0x00000000b9200000, 0x00000000b9200000|100%| O|  |TAMS 0x00000000b9200000, 0x00000000b9100000| Updating 
| 914|0x00000000b9200000, 0x00000000b9300000, 0x00000000b9300000|100%| O|  |TAMS 0x00000000b9300000, 0x00000000b9200000| Updating 
| 915|0x00000000b9300000, 0x00000000b9400000, 0x00000000b9400000|100%| O|  |TAMS 0x00000000b9400000, 0x00000000b9300000| Updating 
| 916|0x00000000b9400000, 0x00000000b9500000, 0x00000000b9500000|100%| O|  |TAMS 0x00000000b9500000, 0x00000000b9400000| Updating 
| 917|0x00000000b9500000, 0x00000000b9600000, 0x00000000b9600000|100%| O|  |TAMS 0x00000000b9600000, 0x00000000b9500000| Updating 
| 918|0x00000000b9600000, 0x00000000b9700000, 0x00000000b9700000|100%| O|  |TAMS 0x00000000b9700000, 0x00000000b9600000| Updating 
| 919|0x00000000b9700000, 0x00000000b9800000, 0x00000000b9800000|100%| O|  |TAMS 0x00000000b9800000, 0x00000000b9700000| Updating 
| 920|0x00000000b9800000, 0x00000000b9900000, 0x00000000b9900000|100%| O|  |TAMS 0x00000000b9900000, 0x00000000b9800000| Updating 
| 921|0x00000000b9900000, 0x00000000b9a00000, 0x00000000b9a00000|100%| O|  |TAMS 0x00000000b9a00000, 0x00000000b9900000| Updating 
| 922|0x00000000b9a00000, 0x00000000b9b00000, 0x00000000b9b00000|100%| O|  |TAMS 0x00000000b9b00000, 0x00000000b9a00000| Updating 
| 923|0x00000000b9b00000, 0x00000000b9c00000, 0x00000000b9c00000|100%| O|  |TAMS 0x00000000b9c00000, 0x00000000b9b00000| Updating 
| 924|0x00000000b9c00000, 0x00000000b9d00000, 0x00000000b9d00000|100%| O|  |TAMS 0x00000000b9d00000, 0x00000000b9c00000| Updating 
| 925|0x00000000b9d00000, 0x00000000b9e00000, 0x00000000b9e00000|100%| O|  |TAMS 0x00000000b9e00000, 0x00000000b9d00000| Updating 
| 926|0x00000000b9e00000, 0x00000000b9f00000, 0x00000000b9f00000|100%| O|  |TAMS 0x00000000b9f00000, 0x00000000b9e00000| Updating 
| 927|0x00000000b9f00000, 0x00000000ba000000, 0x00000000ba000000|100%| O|  |TAMS 0x00000000ba000000, 0x00000000b9f00000| Updating 
| 928|0x00000000ba000000, 0x00000000ba100000, 0x00000000ba100000|100%| O|  |TAMS 0x00000000ba100000, 0x00000000ba000000| Updating 
| 929|0x00000000ba100000, 0x00000000ba200000, 0x00000000ba200000|100%| O|  |TAMS 0x00000000ba200000, 0x00000000ba100000| Updating 
| 930|0x00000000ba200000, 0x00000000ba300000, 0x00000000ba300000|100%| O|  |TAMS 0x00000000ba300000, 0x00000000ba200000| Updating 
| 931|0x00000000ba300000, 0x00000000ba400000, 0x00000000ba400000|100%| O|  |TAMS 0x00000000ba400000, 0x00000000ba300000| Updating 
| 932|0x00000000ba400000, 0x00000000ba500000, 0x00000000ba500000|100%| O|  |TAMS 0x00000000ba500000, 0x00000000ba400000| Updating 
| 933|0x00000000ba500000, 0x00000000ba600000, 0x00000000ba600000|100%| O|  |TAMS 0x00000000ba600000, 0x00000000ba500000| Updating 
| 934|0x00000000ba600000, 0x00000000ba700000, 0x00000000ba700000|100%| O|  |TAMS 0x00000000ba700000, 0x00000000ba600000| Updating 
| 935|0x00000000ba700000, 0x00000000ba800000, 0x00000000ba800000|100%| O|  |TAMS 0x00000000ba800000, 0x00000000ba700000| Updating 
| 936|0x00000000ba800000, 0x00000000ba900000, 0x00000000ba900000|100%| O|  |TAMS 0x00000000ba900000, 0x00000000ba800000| Updating 
| 937|0x00000000ba900000, 0x00000000baa00000, 0x00000000baa00000|100%| O|  |TAMS 0x00000000baa00000, 0x00000000ba900000| Updating 
| 938|0x00000000baa00000, 0x00000000bab00000, 0x00000000bab00000|100%| O|  |TAMS 0x00000000bab00000, 0x00000000baa00000| Updating 
| 939|0x00000000bab00000, 0x00000000bac00000, 0x00000000bac00000|100%| O|  |TAMS 0x00000000bac00000, 0x00000000bab00000| Updating 
| 940|0x00000000bac00000, 0x00000000bad00000, 0x00000000bad00000|100%| O|  |TAMS 0x00000000bad00000, 0x00000000bac00000| Updating 
| 941|0x00000000bad00000, 0x00000000bae00000, 0x00000000bae00000|100%| O|  |TAMS 0x00000000bae00000, 0x00000000bad00000| Updating 
| 942|0x00000000bae00000, 0x00000000baf00000, 0x00000000baf00000|100%| O|  |TAMS 0x00000000baf00000, 0x00000000bae00000| Updating 
| 943|0x00000000baf00000, 0x00000000bb000000, 0x00000000bb000000|100%| O|  |TAMS 0x00000000bb000000, 0x00000000baf00000| Updating 
| 944|0x00000000bb000000, 0x00000000bb100000, 0x00000000bb100000|100%| O|  |TAMS 0x00000000bb100000, 0x00000000bb000000| Updating 
| 945|0x00000000bb100000, 0x00000000bb200000, 0x00000000bb200000|100%| O|  |TAMS 0x00000000bb200000, 0x00000000bb100000| Updating 
| 946|0x00000000bb200000, 0x00000000bb300000, 0x00000000bb300000|100%| O|  |TAMS 0x00000000bb300000, 0x00000000bb200000| Updating 
| 947|0x00000000bb300000, 0x00000000bb400000, 0x00000000bb400000|100%| O|  |TAMS 0x00000000bb400000, 0x00000000bb300000| Updating 
| 948|0x00000000bb400000, 0x00000000bb500000, 0x00000000bb500000|100%| O|  |TAMS 0x00000000bb500000, 0x00000000bb400000| Updating 
| 949|0x00000000bb500000, 0x00000000bb600000, 0x00000000bb600000|100%| O|  |TAMS 0x00000000bb600000, 0x00000000bb500000| Updating 
| 950|0x00000000bb600000, 0x00000000bb700000, 0x00000000bb700000|100%| O|  |TAMS 0x00000000bb700000, 0x00000000bb600000| Updating 
| 951|0x00000000bb700000, 0x00000000bb800000, 0x00000000bb800000|100%| O|  |TAMS 0x00000000bb800000, 0x00000000bb700000| Updating 
| 952|0x00000000bb800000, 0x00000000bb900000, 0x00000000bb900000|100%| O|  |TAMS 0x00000000bb900000, 0x00000000bb800000| Updating 
| 953|0x00000000bb900000, 0x00000000bba00000, 0x00000000bba00000|100%| O|  |TAMS 0x00000000bba00000, 0x00000000bb900000| Updating 
| 954|0x00000000bba00000, 0x00000000bbb00000, 0x00000000bbb00000|100%| O|  |TAMS 0x00000000bbb00000, 0x00000000bba00000| Updating 
| 955|0x00000000bbb00000, 0x00000000bbc00000, 0x00000000bbc00000|100%| O|  |TAMS 0x00000000bbc00000, 0x00000000bbb00000| Updating 
| 956|0x00000000bbc00000, 0x00000000bbd00000, 0x00000000bbd00000|100%| O|  |TAMS 0x00000000bbd00000, 0x00000000bbc00000| Updating 
| 957|0x00000000bbd00000, 0x00000000bbe00000, 0x00000000bbe00000|100%| O|  |TAMS 0x00000000bbe00000, 0x00000000bbd00000| Updating 
| 958|0x00000000bbe00000, 0x00000000bbf00000, 0x00000000bbf00000|100%| O|  |TAMS 0x00000000bbf00000, 0x00000000bbe00000| Updating 
| 959|0x00000000bbf00000, 0x00000000bc000000, 0x00000000bc000000|100%| O|  |TAMS 0x00000000bc000000, 0x00000000bbf00000| Updating 
| 960|0x00000000bc000000, 0x00000000bc100000, 0x00000000bc100000|100%| O|  |TAMS 0x00000000bc100000, 0x00000000bc000000| Updating 
| 961|0x00000000bc100000, 0x00000000bc200000, 0x00000000bc200000|100%| O|  |TAMS 0x00000000bc200000, 0x00000000bc100000| Updating 
| 962|0x00000000bc200000, 0x00000000bc300000, 0x00000000bc300000|100%| O|  |TAMS 0x00000000bc300000, 0x00000000bc200000| Updating 
| 963|0x00000000bc300000, 0x00000000bc400000, 0x00000000bc400000|100%| O|  |TAMS 0x00000000bc400000, 0x00000000bc300000| Updating 
| 964|0x00000000bc400000, 0x00000000bc500000, 0x00000000bc500000|100%| O|  |TAMS 0x00000000bc500000, 0x00000000bc400000| Updating 
| 965|0x00000000bc500000, 0x00000000bc600000, 0x00000000bc600000|100%| O|  |TAMS 0x00000000bc600000, 0x00000000bc500000| Updating 
| 966|0x00000000bc600000, 0x00000000bc700000, 0x00000000bc700000|100%| O|  |TAMS 0x00000000bc700000, 0x00000000bc600000| Updating 
| 967|0x00000000bc700000, 0x00000000bc800000, 0x00000000bc800000|100%| O|  |TAMS 0x00000000bc800000, 0x00000000bc700000| Updating 
| 968|0x00000000bc800000, 0x00000000bc900000, 0x00000000bc900000|100%| O|  |TAMS 0x00000000bc900000, 0x00000000bc800000| Updating 
| 969|0x00000000bc900000, 0x00000000bca00000, 0x00000000bca00000|100%| O|  |TAMS 0x00000000bca00000, 0x00000000bc900000| Updating 
| 970|0x00000000bca00000, 0x00000000bcb00000, 0x00000000bcb00000|100%| O|  |TAMS 0x00000000bcb00000, 0x00000000bca00000| Updating 
| 971|0x00000000bcb00000, 0x00000000bcc00000, 0x00000000bcc00000|100%| O|  |TAMS 0x00000000bcc00000, 0x00000000bcb00000| Updating 
| 972|0x00000000bcc00000, 0x00000000bcd00000, 0x00000000bcd00000|100%| O|  |TAMS 0x00000000bcd00000, 0x00000000bcc00000| Updating 
| 973|0x00000000bcd00000, 0x00000000bce00000, 0x00000000bce00000|100%| O|  |TAMS 0x00000000bce00000, 0x00000000bcd00000| Updating 
| 974|0x00000000bce00000, 0x00000000bcf00000, 0x00000000bcf00000|100%| O|  |TAMS 0x00000000bcf00000, 0x00000000bce00000| Updating 
| 975|0x00000000bcf00000, 0x00000000bd000000, 0x00000000bd000000|100%| O|  |TAMS 0x00000000bd000000, 0x00000000bcf00000| Updating 
| 976|0x00000000bd000000, 0x00000000bd100000, 0x00000000bd100000|100%| O|  |TAMS 0x00000000bd100000, 0x00000000bd000000| Updating 
| 977|0x00000000bd100000, 0x00000000bd200000, 0x00000000bd200000|100%| O|  |TAMS 0x00000000bd200000, 0x00000000bd100000| Updating 
| 978|0x00000000bd200000, 0x00000000bd300000, 0x00000000bd300000|100%| O|  |TAMS 0x00000000bd300000, 0x00000000bd200000| Updating 
| 979|0x00000000bd300000, 0x00000000bd400000, 0x00000000bd400000|100%| O|  |TAMS 0x00000000bd400000, 0x00000000bd300000| Updating 
| 980|0x00000000bd400000, 0x00000000bd500000, 0x00000000bd500000|100%| O|  |TAMS 0x00000000bd500000, 0x00000000bd400000| Updating 
| 981|0x00000000bd500000, 0x00000000bd600000, 0x00000000bd600000|100%| O|  |TAMS 0x00000000bd600000, 0x00000000bd500000| Updating 
| 982|0x00000000bd600000, 0x00000000bd700000, 0x00000000bd700000|100%| O|  |TAMS 0x00000000bd700000, 0x00000000bd600000| Updating 
| 983|0x00000000bd700000, 0x00000000bd800000, 0x00000000bd800000|100%| O|  |TAMS 0x00000000bd800000, 0x00000000bd700000| Updating 
| 984|0x00000000bd800000, 0x00000000bd900000, 0x00000000bd900000|100%| O|  |TAMS 0x00000000bd900000, 0x00000000bd800000| Updating 
| 985|0x00000000bd900000, 0x00000000bda00000, 0x00000000bda00000|100%| O|  |TAMS 0x00000000bda00000, 0x00000000bd900000| Updating 
| 986|0x00000000bda00000, 0x00000000bdb00000, 0x00000000bdb00000|100%| O|  |TAMS 0x00000000bdb00000, 0x00000000bda00000| Updating 
| 987|0x00000000bdb00000, 0x00000000bdc00000, 0x00000000bdc00000|100%| O|  |TAMS 0x00000000bdc00000, 0x00000000bdb00000| Updating 
| 988|0x00000000bdc00000, 0x00000000bdd00000, 0x00000000bdd00000|100%| O|  |TAMS 0x00000000bdd00000, 0x00000000bdc00000| Updating 
| 989|0x00000000bdd00000, 0x00000000bde00000, 0x00000000bde00000|100%| O|  |TAMS 0x00000000bde00000, 0x00000000bdd00000| Updating 
| 990|0x00000000bde00000, 0x00000000bdf00000, 0x00000000bdf00000|100%| O|  |TAMS 0x00000000bdf00000, 0x00000000bde00000| Updating 
| 991|0x00000000bdf00000, 0x00000000be000000, 0x00000000be000000|100%| O|  |TAMS 0x00000000be000000, 0x00000000bdf00000| Updating 
| 992|0x00000000be000000, 0x00000000be100000, 0x00000000be100000|100%| O|  |TAMS 0x00000000be100000, 0x00000000be000000| Updating 
| 993|0x00000000be100000, 0x00000000be200000, 0x00000000be200000|100%| O|  |TAMS 0x00000000be200000, 0x00000000be100000| Updating 
| 994|0x00000000be200000, 0x00000000be300000, 0x00000000be300000|100%| O|  |TAMS 0x00000000be300000, 0x00000000be200000| Updating 
| 995|0x00000000be300000, 0x00000000be400000, 0x00000000be400000|100%| O|  |TAMS 0x00000000be400000, 0x00000000be300000| Updating 
| 996|0x00000000be400000, 0x00000000be500000, 0x00000000be500000|100%| O|  |TAMS 0x00000000be500000, 0x00000000be400000| Updating 
| 997|0x00000000be500000, 0x00000000be600000, 0x00000000be600000|100%| O|  |TAMS 0x00000000be600000, 0x00000000be500000| Updating 
| 998|0x00000000be600000, 0x00000000be700000, 0x00000000be700000|100%| O|  |TAMS 0x00000000be700000, 0x00000000be600000| Updating 
| 999|0x00000000be700000, 0x00000000be800000, 0x00000000be800000|100%| O|  |TAMS 0x00000000be800000, 0x00000000be700000| Updating 
|1000|0x00000000be800000, 0x00000000be900000, 0x00000000be900000|100%| O|  |TAMS 0x00000000be900000, 0x00000000be800000| Updating 
|1001|0x00000000be900000, 0x00000000bea00000, 0x00000000bea00000|100%| O|  |TAMS 0x00000000bea00000, 0x00000000be900000| Updating 
|1002|0x00000000bea00000, 0x00000000beb00000, 0x00000000beb00000|100%| O|  |TAMS 0x00000000beb00000, 0x00000000bea00000| Updating 
|1003|0x00000000beb00000, 0x00000000bec00000, 0x00000000bec00000|100%| O|  |TAMS 0x00000000bec00000, 0x00000000beb00000| Updating 
|1004|0x00000000bec00000, 0x00000000bed00000, 0x00000000bed00000|100%| O|  |TAMS 0x00000000bed00000, 0x00000000bec00000| Updating 
|1005|0x00000000bed00000, 0x00000000bee00000, 0x00000000bee00000|100%| O|  |TAMS 0x00000000bee00000, 0x00000000bed00000| Updating 
|1006|0x00000000bee00000, 0x00000000bef00000, 0x00000000bef00000|100%| O|  |TAMS 0x00000000bef00000, 0x00000000bee00000| Updating 
|1007|0x00000000bef00000, 0x00000000bef00000, 0x00000000bf000000|  0%| F|  |TAMS 0x00000000bef00000, 0x00000000bef00000| Untracked 
|1008|0x00000000bf000000, 0x00000000bf000000, 0x00000000bf100000|  0%| F|  |TAMS 0x00000000bf000000, 0x00000000bf000000| Untracked 
|1009|0x00000000bf100000, 0x00000000bf100000, 0x00000000bf200000|  0%| F|  |TAMS 0x00000000bf100000, 0x00000000bf100000| Untracked 
|1010|0x00000000bf200000, 0x00000000bf200000, 0x00000000bf300000|  0%| F|  |TAMS 0x00000000bf200000, 0x00000000bf200000| Untracked 
|1011|0x00000000bf300000, 0x00000000bf300000, 0x00000000bf400000|  0%| F|  |TAMS 0x00000000bf300000, 0x00000000bf300000| Untracked 
|1012|0x00000000bf400000, 0x00000000bf400000, 0x00000000bf500000|  0%| F|  |TAMS 0x00000000bf400000, 0x00000000bf400000| Untracked 
|1013|0x00000000bf500000, 0x00000000bf500000, 0x00000000bf600000|  0%| F|  |TAMS 0x00000000bf500000, 0x00000000bf500000| Untracked 
|1014|0x00000000bf600000, 0x00000000bf600000, 0x00000000bf700000|  0%| F|  |TAMS 0x00000000bf600000, 0x00000000bf600000| Untracked 
|1015|0x00000000bf700000, 0x00000000bf800000, 0x00000000bf800000|100%|HS|  |TAMS 0x00000000bf800000, 0x00000000bf700000| Complete 
|1016|0x00000000bf800000, 0x00000000bf900000, 0x00000000bf900000|100%|HS|  |TAMS 0x00000000bf900000, 0x00000000bf800000| Complete 
|1017|0x00000000bf900000, 0x00000000bfa00000, 0x00000000bfa00000|100%| O|  |TAMS 0x00000000bfa00000, 0x00000000bf900000| Updating 
|1018|0x00000000bfa00000, 0x00000000bfb00000, 0x00000000bfb00000|100%| O|  |TAMS 0x00000000bfb00000, 0x00000000bfa00000| Updating 
|1019|0x00000000bfb00000, 0x00000000bfc00000, 0x00000000bfc00000|100%|HS|  |TAMS 0x00000000bfc00000, 0x00000000bfb00000| Complete 
|1020|0x00000000bfc00000, 0x00000000bfd00000, 0x00000000bfd00000|100%|HS|  |TAMS 0x00000000bfd00000, 0x00000000bfc00000| Complete 
|1021|0x00000000bfd00000, 0x00000000bfe00000, 0x00000000bfe00000|100%|HS|  |TAMS 0x00000000bfe00000, 0x00000000bfd00000| Complete 
|1022|0x00000000bfe00000, 0x00000000bff00000, 0x00000000bff00000|100%|HC|  |TAMS 0x00000000bff00000, 0x00000000bfe00000| Complete 
|1023|0x00000000bff00000, 0x00000000bff00000, 0x00000000c0000000|  0%| F|  |TAMS 0x00000000bff00000, 0x00000000bff00000| Untracked 
|1024|0x00000000c0000000, 0x00000000c0000000, 0x00000000c0100000|  0%| F|  |TAMS 0x00000000c0000000, 0x00000000c0000000| Untracked 
|1025|0x00000000c0100000, 0x00000000c0100000, 0x00000000c0200000|  0%| F|  |TAMS 0x00000000c0100000, 0x00000000c0100000| Untracked 
|1026|0x00000000c0200000, 0x00000000c0200000, 0x00000000c0300000|  0%| F|  |TAMS 0x00000000c0200000, 0x00000000c0200000| Untracked 
|1027|0x00000000c0300000, 0x00000000c0300000, 0x00000000c0400000|  0%| F|  |TAMS 0x00000000c0300000, 0x00000000c0300000| Untracked 
|1028|0x00000000c0400000, 0x00000000c0400000, 0x00000000c0500000|  0%| F|  |TAMS 0x00000000c0400000, 0x00000000c0400000| Untracked 
|1029|0x00000000c0500000, 0x00000000c0500000, 0x00000000c0600000|  0%| F|  |TAMS 0x00000000c0500000, 0x00000000c0500000| Untracked 
|1030|0x00000000c0600000, 0x00000000c0600000, 0x00000000c0700000|  0%| F|  |TAMS 0x00000000c0600000, 0x00000000c0600000| Untracked 
|1031|0x00000000c0700000, 0x00000000c0700000, 0x00000000c0800000|  0%| F|  |TAMS 0x00000000c0700000, 0x00000000c0700000| Untracked 
|1032|0x00000000c0800000, 0x00000000c0800000, 0x00000000c0900000|  0%| F|  |TAMS 0x00000000c0800000, 0x00000000c0800000| Untracked 
|1033|0x00000000c0900000, 0x00000000c0900000, 0x00000000c0a00000|  0%| F|  |TAMS 0x00000000c0900000, 0x00000000c0900000| Untracked 
|1034|0x00000000c0a00000, 0x00000000c0a00000, 0x00000000c0b00000|  0%| F|  |TAMS 0x00000000c0a00000, 0x00000000c0a00000| Untracked 
|1035|0x00000000c0b00000, 0x00000000c0b00000, 0x00000000c0c00000|  0%| F|  |TAMS 0x00000000c0b00000, 0x00000000c0b00000| Untracked 
|1036|0x00000000c0c00000, 0x00000000c0c00000, 0x00000000c0d00000|  0%| F|  |TAMS 0x00000000c0c00000, 0x00000000c0c00000| Untracked 
|1037|0x00000000c0d00000, 0x00000000c0d00000, 0x00000000c0e00000|  0%| F|  |TAMS 0x00000000c0d00000, 0x00000000c0d00000| Untracked 
|1038|0x00000000c0e00000, 0x00000000c0e00000, 0x00000000c0f00000|  0%| F|  |TAMS 0x00000000c0e00000, 0x00000000c0e00000| Untracked 
|1039|0x00000000c0f00000, 0x00000000c0f00000, 0x00000000c1000000|  0%| F|  |TAMS 0x00000000c0f00000, 0x00000000c0f00000| Untracked 
|1040|0x00000000c1000000, 0x00000000c1000000, 0x00000000c1100000|  0%| F|  |TAMS 0x00000000c1000000, 0x00000000c1000000| Untracked 
|1041|0x00000000c1100000, 0x00000000c1100000, 0x00000000c1200000|  0%| F|  |TAMS 0x00000000c1100000, 0x00000000c1100000| Untracked 
|1042|0x00000000c1200000, 0x00000000c1200000, 0x00000000c1300000|  0%| F|  |TAMS 0x00000000c1200000, 0x00000000c1200000| Untracked 
|1043|0x00000000c1300000, 0x00000000c1300000, 0x00000000c1400000|  0%| F|  |TAMS 0x00000000c1300000, 0x00000000c1300000| Untracked 
|1044|0x00000000c1400000, 0x00000000c1400000, 0x00000000c1500000|  0%| F|  |TAMS 0x00000000c1400000, 0x00000000c1400000| Untracked 
|1045|0x00000000c1500000, 0x00000000c1500000, 0x00000000c1600000|  0%| F|  |TAMS 0x00000000c1500000, 0x00000000c1500000| Untracked 
|1046|0x00000000c1600000, 0x00000000c1600000, 0x00000000c1700000|  0%| F|  |TAMS 0x00000000c1600000, 0x00000000c1600000| Untracked 
|1047|0x00000000c1700000, 0x00000000c1700000, 0x00000000c1800000|  0%| F|  |TAMS 0x00000000c1700000, 0x00000000c1700000| Untracked 
|1048|0x00000000c1800000, 0x00000000c1800000, 0x00000000c1900000|  0%| F|  |TAMS 0x00000000c1800000, 0x00000000c1800000| Untracked 
|1049|0x00000000c1900000, 0x00000000c1a00000, 0x00000000c1a00000|100%| O|  |TAMS 0x00000000c1a00000, 0x00000000c1900000| Updating 
|1050|0x00000000c1a00000, 0x00000000c1b00000, 0x00000000c1b00000|100%| O|  |TAMS 0x00000000c1b00000, 0x00000000c1a00000| Untracked 
|1051|0x00000000c1b00000, 0x00000000c1c00000, 0x00000000c1c00000|100%| O|  |TAMS 0x00000000c1c00000, 0x00000000c1b00000| Updating 
|1052|0x00000000c1c00000, 0x00000000c1d00000, 0x00000000c1d00000|100%| O|  |TAMS 0x00000000c1d00000, 0x00000000c1c00000| Updating 
|1053|0x00000000c1d00000, 0x00000000c1e00000, 0x00000000c1e00000|100%| O|  |TAMS 0x00000000c1e00000, 0x00000000c1d00000| Updating 
|1054|0x00000000c1e00000, 0x00000000c1e00000, 0x00000000c1f00000|  0%| F|  |TAMS 0x00000000c1e00000, 0x00000000c1e00000| Untracked 
|1055|0x00000000c1f00000, 0x00000000c1f00000, 0x00000000c2000000|  0%| F|  |TAMS 0x00000000c1f00000, 0x00000000c1f00000| Untracked 
|1056|0x00000000c2000000, 0x00000000c2100000, 0x00000000c2100000|100%| O|  |TAMS 0x00000000c2100000, 0x00000000c2000000| Updating 
|1057|0x00000000c2100000, 0x00000000c2200000, 0x00000000c2200000|100%| O|  |TAMS 0x00000000c2200000, 0x00000000c2100000| Updating 
|1058|0x00000000c2200000, 0x00000000c2300000, 0x00000000c2300000|100%| O|  |TAMS 0x00000000c2300000, 0x00000000c2200000| Updating 
|1059|0x00000000c2300000, 0x00000000c2400000, 0x00000000c2400000|100%| O|  |TAMS 0x00000000c2400000, 0x00000000c2300000| Updating 
|1060|0x00000000c2400000, 0x00000000c2500000, 0x00000000c2500000|100%| O|  |TAMS 0x00000000c24f1c00, 0x00000000c2400000| Updating 
|1061|0x00000000c2500000, 0x00000000c2600000, 0x00000000c2600000|100%|HS|  |TAMS 0x00000000c2600000, 0x00000000c2500000| Complete 
|1062|0x00000000c2600000, 0x00000000c2700000, 0x00000000c2700000|100%|HC|  |TAMS 0x00000000c2700000, 0x00000000c2600000| Complete 
|1063|0x00000000c2700000, 0x00000000c2800000, 0x00000000c2800000|100%|HC|  |TAMS 0x00000000c2800000, 0x00000000c2700000| Complete 
|1064|0x00000000c2800000, 0x00000000c2900000, 0x00000000c2900000|100%|HC|  |TAMS 0x00000000c2900000, 0x00000000c2800000| Complete 
|1065|0x00000000c2900000, 0x00000000c2a00000, 0x00000000c2a00000|100%|HC|  |TAMS 0x00000000c2a00000, 0x00000000c2900000| Complete 
|1066|0x00000000c2a00000, 0x00000000c2b00000, 0x00000000c2b00000|100%|HS|  |TAMS 0x00000000c2b00000, 0x00000000c2a00000| Complete 
|1067|0x00000000c2b00000, 0x00000000c2c00000, 0x00000000c2c00000|100%|HS|  |TAMS 0x00000000c2c00000, 0x00000000c2b00000| Complete 
|1068|0x00000000c2c00000, 0x00000000c2d00000, 0x00000000c2d00000|100%|HC|  |TAMS 0x00000000c2d00000, 0x00000000c2c00000| Complete 
|1069|0x00000000c2d00000, 0x00000000c2e00000, 0x00000000c2e00000|100%|HC|  |TAMS 0x00000000c2e00000, 0x00000000c2d00000| Complete 
|1070|0x00000000c2e00000, 0x00000000c2f00000, 0x00000000c2f00000|100%|HC|  |TAMS 0x00000000c2f00000, 0x00000000c2e00000| Complete 
|1071|0x00000000c2f00000, 0x00000000c3000000, 0x00000000c3000000|100%|HC|  |TAMS 0x00000000c3000000, 0x00000000c2f00000| Complete 
|1072|0x00000000c3000000, 0x00000000c3100000, 0x00000000c3100000|100%|HC|  |TAMS 0x00000000c3100000, 0x00000000c3000000| Complete 
|1073|0x00000000c3100000, 0x00000000c3200000, 0x00000000c3200000|100%|HS|  |TAMS 0x00000000c3200000, 0x00000000c3100000| Complete 
|1074|0x00000000c3200000, 0x00000000c3300000, 0x00000000c3300000|100%|HS|  |TAMS 0x00000000c3300000, 0x00000000c3200000| Complete 
|1075|0x00000000c3300000, 0x00000000c3400000, 0x00000000c3400000|100%|HS|  |TAMS 0x00000000c3400000, 0x00000000c3300000| Complete 
|1076|0x00000000c3400000, 0x00000000c3500000, 0x00000000c3500000|100%|HC|  |TAMS 0x00000000c3500000, 0x00000000c3400000| Complete 
|1077|0x00000000c3500000, 0x00000000c3600000, 0x00000000c3600000|100%|HS|  |TAMS 0x00000000c3600000, 0x00000000c3500000| Complete 
|1078|0x00000000c3600000, 0x00000000c3700000, 0x00000000c3700000|100%|HC|  |TAMS 0x00000000c3700000, 0x00000000c3600000| Complete 
|1079|0x00000000c3700000, 0x00000000c3800000, 0x00000000c3800000|100%|HC|  |TAMS 0x00000000c3800000, 0x00000000c3700000| Complete 
|1080|0x00000000c3800000, 0x00000000c3900000, 0x00000000c3900000|100%|HS|  |TAMS 0x00000000c3900000, 0x00000000c3800000| Complete 
|1081|0x00000000c3900000, 0x00000000c3a00000, 0x00000000c3a00000|100%|HC|  |TAMS 0x00000000c3a00000, 0x00000000c3900000| Complete 
|1082|0x00000000c3a00000, 0x00000000c3b00000, 0x00000000c3b00000|100%|HC|  |TAMS 0x00000000c3b00000, 0x00000000c3a00000| Complete 
|1083|0x00000000c3b00000, 0x00000000c3c00000, 0x00000000c3c00000|100%|HC|  |TAMS 0x00000000c3c00000, 0x00000000c3b00000| Complete 
|1084|0x00000000c3c00000, 0x00000000c3d00000, 0x00000000c3d00000|100%|HC|  |TAMS 0x00000000c3d00000, 0x00000000c3c00000| Complete 
|1085|0x00000000c3d00000, 0x00000000c3e00000, 0x00000000c3e00000|100%|HC|  |TAMS 0x00000000c3e00000, 0x00000000c3d00000| Complete 
|1086|0x00000000c3e00000, 0x00000000c3f00000, 0x00000000c3f00000|100%|HC|  |TAMS 0x00000000c3f00000, 0x00000000c3e00000| Complete 
|1087|0x00000000c3f00000, 0x00000000c4000000, 0x00000000c4000000|100%|HC|  |TAMS 0x00000000c4000000, 0x00000000c3f00000| Complete 
|1088|0x00000000c4000000, 0x00000000c4100000, 0x00000000c4100000|100%|HC|  |TAMS 0x00000000c4100000, 0x00000000c4000000| Complete 
|1089|0x00000000c4100000, 0x00000000c4200000, 0x00000000c4200000|100%|HC|  |TAMS 0x00000000c4200000, 0x00000000c4100000| Complete 
|1090|0x00000000c4200000, 0x00000000c4300000, 0x00000000c4300000|100%|HC|  |TAMS 0x00000000c4300000, 0x00000000c4200000| Complete 
|1091|0x00000000c4300000, 0x00000000c4400000, 0x00000000c4400000|100%|HC|  |TAMS 0x00000000c4400000, 0x00000000c4300000| Complete 
|1092|0x00000000c4400000, 0x00000000c4500000, 0x00000000c4500000|100%|HC|  |TAMS 0x00000000c4500000, 0x00000000c4400000| Complete 
|1093|0x00000000c4500000, 0x00000000c4600000, 0x00000000c4600000|100%|HC|  |TAMS 0x00000000c4600000, 0x00000000c4500000| Complete 
|1094|0x00000000c4600000, 0x00000000c4700000, 0x00000000c4700000|100%|HC|  |TAMS 0x00000000c4700000, 0x00000000c4600000| Complete 
|1095|0x00000000c4700000, 0x00000000c4800000, 0x00000000c4800000|100%|HC|  |TAMS 0x00000000c4800000, 0x00000000c4700000| Complete 
|1096|0x00000000c4800000, 0x00000000c4900000, 0x00000000c4900000|100%|HC|  |TAMS 0x00000000c4900000, 0x00000000c4800000| Complete 
|1097|0x00000000c4900000, 0x00000000c4a00000, 0x00000000c4a00000|100%|HC|  |TAMS 0x00000000c4a00000, 0x00000000c4900000| Complete 
|1098|0x00000000c4a00000, 0x00000000c4b00000, 0x00000000c4b00000|100%|HC|  |TAMS 0x00000000c4b00000, 0x00000000c4a00000| Complete 
|1099|0x00000000c4b00000, 0x00000000c4c00000, 0x00000000c4c00000|100%|HC|  |TAMS 0x00000000c4c00000, 0x00000000c4b00000| Complete 
|1100|0x00000000c4c00000, 0x00000000c4d00000, 0x00000000c4d00000|100%|HC|  |TAMS 0x00000000c4d00000, 0x00000000c4c00000| Complete 
|1101|0x00000000c4d00000, 0x00000000c4e00000, 0x00000000c4e00000|100%|HC|  |TAMS 0x00000000c4e00000, 0x00000000c4d00000| Complete 
|1102|0x00000000c4e00000, 0x00000000c4f00000, 0x00000000c4f00000|100%|HC|  |TAMS 0x00000000c4f00000, 0x00000000c4e00000| Complete 
|1103|0x00000000c4f00000, 0x00000000c5000000, 0x00000000c5000000|100%|HC|  |TAMS 0x00000000c5000000, 0x00000000c4f00000| Complete 
|1104|0x00000000c5000000, 0x00000000c5100000, 0x00000000c5100000|100%|HC|  |TAMS 0x00000000c5100000, 0x00000000c5000000| Complete 
|1105|0x00000000c5100000, 0x00000000c5200000, 0x00000000c5200000|100%|HC|  |TAMS 0x00000000c5200000, 0x00000000c5100000| Complete 
|1106|0x00000000c5200000, 0x00000000c5300000, 0x00000000c5300000|100%|HC|  |TAMS 0x00000000c5300000, 0x00000000c5200000| Complete 
|1107|0x00000000c5300000, 0x00000000c5400000, 0x00000000c5400000|100%|HC|  |TAMS 0x00000000c5400000, 0x00000000c5300000| Complete 
|1108|0x00000000c5400000, 0x00000000c5500000, 0x00000000c5500000|100%|HC|  |TAMS 0x00000000c5500000, 0x00000000c5400000| Complete 
|1109|0x00000000c5500000, 0x00000000c5600000, 0x00000000c5600000|100%|HC|  |TAMS 0x00000000c5600000, 0x00000000c5500000| Complete 
|1110|0x00000000c5600000, 0x00000000c5700000, 0x00000000c5700000|100%| O|  |TAMS 0x00000000c5600000, 0x00000000c5600000| Untracked 
|1111|0x00000000c5700000, 0x00000000c5800000, 0x00000000c5800000|100%|HS|  |TAMS 0x00000000c5700000, 0x00000000c5700000| Complete 
|1112|0x00000000c5800000, 0x00000000c5900000, 0x00000000c5900000|100%|HS|  |TAMS 0x00000000c5800000, 0x00000000c5800000| Complete 
|1113|0x00000000c5900000, 0x00000000c5a00000, 0x00000000c5a00000|100%|HC|  |TAMS 0x00000000c5900000, 0x00000000c5900000| Complete 
|1114|0x00000000c5a00000, 0x00000000c5b00000, 0x00000000c5b00000|100%|HC|  |TAMS 0x00000000c5a00000, 0x00000000c5a00000| Complete 
|1115|0x00000000c5b00000, 0x00000000c5c00000, 0x00000000c5c00000|100%|HC|  |TAMS 0x00000000c5b00000, 0x00000000c5b00000| Complete 
|1116|0x00000000c5c00000, 0x00000000c5d00000, 0x00000000c5d00000|100%|HS|  |TAMS 0x00000000c5c00000, 0x00000000c5c00000| Complete 
|1117|0x00000000c5d00000, 0x00000000c5e00000, 0x00000000c5e00000|100%|HC|  |TAMS 0x00000000c5d00000, 0x00000000c5d00000| Complete 
|1118|0x00000000c5e00000, 0x00000000c5f00000, 0x00000000c5f00000|100%|HS|  |TAMS 0x00000000c5e00000, 0x00000000c5e00000| Complete 
|1119|0x00000000c5f00000, 0x00000000c6000000, 0x00000000c6000000|100%|HC|  |TAMS 0x00000000c5f00000, 0x00000000c5f00000| Complete 
|1120|0x00000000c6000000, 0x00000000c6100000, 0x00000000c6100000|100%|HS|  |TAMS 0x00000000c6000000, 0x00000000c6000000| Complete 
|1121|0x00000000c6100000, 0x00000000c6200000, 0x00000000c6200000|100%|HC|  |TAMS 0x00000000c6100000, 0x00000000c6100000| Complete 
|1122|0x00000000c6200000, 0x00000000c6300000, 0x00000000c6300000|100%|HC|  |TAMS 0x00000000c6200000, 0x00000000c6200000| Complete 
|1123|0x00000000c6300000, 0x00000000c6400000, 0x00000000c6400000|100%| O|  |TAMS 0x00000000c6300000, 0x00000000c6300000| Untracked 
|1124|0x00000000c6400000, 0x00000000c6500000, 0x00000000c6500000|100%|HS|  |TAMS 0x00000000c6400000, 0x00000000c6400000| Complete 
|1125|0x00000000c6500000, 0x00000000c6600000, 0x00000000c6600000|100%| O|  |TAMS 0x00000000c6500000, 0x00000000c6500000| Untracked 
|1126|0x00000000c6600000, 0x00000000c6700000, 0x00000000c6700000|100%| O|  |TAMS 0x00000000c6600000, 0x00000000c6600000| Untracked 
|1127|0x00000000c6700000, 0x00000000c6800000, 0x00000000c6800000|100%| O|  |TAMS 0x00000000c6700000, 0x00000000c6700000| Untracked 
|1128|0x00000000c6800000, 0x00000000c6900000, 0x00000000c6900000|100%|HS|  |TAMS 0x00000000c6800000, 0x00000000c6800000| Complete 
|1129|0x00000000c6900000, 0x00000000c6a00000, 0x00000000c6a00000|100%|HC|  |TAMS 0x00000000c6900000, 0x00000000c6900000| Complete 
|1130|0x00000000c6a00000, 0x00000000c6b00000, 0x00000000c6b00000|100%|HC|  |TAMS 0x00000000c6a00000, 0x00000000c6a00000| Complete 
|1131|0x00000000c6b00000, 0x00000000c6c00000, 0x00000000c6c00000|100%|HS|  |TAMS 0x00000000c6b00000, 0x00000000c6b00000| Complete 
|1132|0x00000000c6c00000, 0x00000000c6d00000, 0x00000000c6d00000|100%|HC|  |TAMS 0x00000000c6c00000, 0x00000000c6c00000| Complete 
|1133|0x00000000c6d00000, 0x00000000c6e00000, 0x00000000c6e00000|100%|HC|  |TAMS 0x00000000c6d00000, 0x00000000c6d00000| Complete 
|1134|0x00000000c6e00000, 0x00000000c6f00000, 0x00000000c6f00000|100%|HC|  |TAMS 0x00000000c6e00000, 0x00000000c6e00000| Complete 
|1135|0x00000000c6f00000, 0x00000000c7000000, 0x00000000c7000000|100%| O|  |TAMS 0x00000000c6f00000, 0x00000000c6f00000| Untracked 
|1136|0x00000000c7000000, 0x00000000c7100000, 0x00000000c7100000|100%|HS|  |TAMS 0x00000000c7000000, 0x00000000c7000000| Complete 
|1137|0x00000000c7100000, 0x00000000c7200000, 0x00000000c7200000|100%|HC|  |TAMS 0x00000000c7100000, 0x00000000c7100000| Complete 
|1138|0x00000000c7200000, 0x00000000c7300000, 0x00000000c7300000|100%|HC|  |TAMS 0x00000000c7200000, 0x00000000c7200000| Complete 
|1139|0x00000000c7300000, 0x00000000c7400000, 0x00000000c7400000|100%|HC|  |TAMS 0x00000000c7300000, 0x00000000c7300000| Complete 
|1140|0x00000000c7400000, 0x00000000c7500000, 0x00000000c7500000|100%|HC|  |TAMS 0x00000000c7400000, 0x00000000c7400000| Complete 
|1141|0x00000000c7500000, 0x00000000c7600000, 0x00000000c7600000|100%| O|  |TAMS 0x00000000c7500000, 0x00000000c7500000| Untracked 
|1142|0x00000000c7600000, 0x00000000c7700000, 0x00000000c7700000|100%|HS|  |TAMS 0x00000000c7600000, 0x00000000c7600000| Complete 
|1143|0x00000000c7700000, 0x00000000c7800000, 0x00000000c7800000|100%|HS|  |TAMS 0x00000000c7700000, 0x00000000c7700000| Complete 
|1144|0x00000000c7800000, 0x00000000c7900000, 0x00000000c7900000|100%|HS|  |TAMS 0x00000000c7800000, 0x00000000c7800000| Complete 
|1145|0x00000000c7900000, 0x00000000c7a00000, 0x00000000c7a00000|100%|HS|  |TAMS 0x00000000c7900000, 0x00000000c7900000| Complete 
|1146|0x00000000c7a00000, 0x00000000c7b00000, 0x00000000c7b00000|100%| O|  |TAMS 0x00000000c7a00000, 0x00000000c7a00000| Untracked 
|1147|0x00000000c7b00000, 0x00000000c7c00000, 0x00000000c7c00000|100%|HS|  |TAMS 0x00000000c7b00000, 0x00000000c7b00000| Complete 
|1148|0x00000000c7c00000, 0x00000000c7d00000, 0x00000000c7d00000|100%|HC|  |TAMS 0x00000000c7c00000, 0x00000000c7c00000| Complete 
|1149|0x00000000c7d00000, 0x00000000c7e00000, 0x00000000c7e00000|100%| O|  |TAMS 0x00000000c7d00000, 0x00000000c7d00000| Untracked 
|1150|0x00000000c7e00000, 0x00000000c7f00000, 0x00000000c7f00000|100%| O|  |TAMS 0x00000000c7e00000, 0x00000000c7e00000| Untracked 
|1151|0x00000000c7f00000, 0x00000000c8000000, 0x00000000c8000000|100%| O|  |TAMS 0x00000000c7f00000, 0x00000000c7f00000| Untracked 
|1152|0x00000000c8000000, 0x00000000c8100000, 0x00000000c8100000|100%|HS|  |TAMS 0x00000000c8000000, 0x00000000c8000000| Complete 
|1153|0x00000000c8100000, 0x00000000c8200000, 0x00000000c8200000|100%| O|  |TAMS 0x00000000c8100000, 0x00000000c8100000| Untracked 
|1154|0x00000000c8200000, 0x00000000c8300000, 0x00000000c8300000|100%| O|  |TAMS 0x00000000c8200000, 0x00000000c8200000| Untracked 
|1155|0x00000000c8300000, 0x00000000c8400000, 0x00000000c8400000|100%| O|  |TAMS 0x00000000c8300000, 0x00000000c8300000| Untracked 
|1156|0x00000000c8400000, 0x00000000c8500000, 0x00000000c8500000|100%|HS|  |TAMS 0x00000000c8400000, 0x00000000c8400000| Complete 
|1157|0x00000000c8500000, 0x00000000c8600000, 0x00000000c8600000|100%|HC|  |TAMS 0x00000000c8500000, 0x00000000c8500000| Complete 
|1158|0x00000000c8600000, 0x00000000c8700000, 0x00000000c8700000|100%|HC|  |TAMS 0x00000000c8600000, 0x00000000c8600000| Complete 
|1159|0x00000000c8700000, 0x00000000c8800000, 0x00000000c8800000|100%|HC|  |TAMS 0x00000000c8700000, 0x00000000c8700000| Complete 
|1160|0x00000000c8800000, 0x00000000c8900000, 0x00000000c8900000|100%|HC|  |TAMS 0x00000000c8800000, 0x00000000c8800000| Complete 
|1161|0x00000000c8900000, 0x00000000c8a00000, 0x00000000c8a00000|100%|HC|  |TAMS 0x00000000c8900000, 0x00000000c8900000| Complete 
|1162|0x00000000c8a00000, 0x00000000c8b00000, 0x00000000c8b00000|100%| O|  |TAMS 0x00000000c8a00000, 0x00000000c8a00000| Untracked 
|1163|0x00000000c8b00000, 0x00000000c8c00000, 0x00000000c8c00000|100%|HS|  |TAMS 0x00000000c8b00000, 0x00000000c8b00000| Complete 
|1164|0x00000000c8c00000, 0x00000000c8d00000, 0x00000000c8d00000|100%| O|  |TAMS 0x00000000c8c00000, 0x00000000c8c00000| Untracked 
|1165|0x00000000c8d00000, 0x00000000c8e00000, 0x00000000c8e00000|100%| O|  |TAMS 0x00000000c8d00000, 0x00000000c8d00000| Untracked 
|1166|0x00000000c8e00000, 0x00000000c8f00000, 0x00000000c8f00000|100%|HS|  |TAMS 0x00000000c8e00000, 0x00000000c8e00000| Complete 
|1167|0x00000000c8f00000, 0x00000000c9000000, 0x00000000c9000000|100%| O|  |TAMS 0x00000000c8f00000, 0x00000000c8f00000| Untracked 
|1168|0x00000000c9000000, 0x00000000c9100000, 0x00000000c9100000|100%| O|  |TAMS 0x00000000c9000000, 0x00000000c9000000| Untracked 
|1169|0x00000000c9100000, 0x00000000c9200000, 0x00000000c9200000|100%| O|  |TAMS 0x00000000c9100000, 0x00000000c9100000| Untracked 
|1170|0x00000000c9200000, 0x00000000c9300000, 0x00000000c9300000|100%|HS|  |TAMS 0x00000000c9200000, 0x00000000c9200000| Complete 
|1171|0x00000000c9300000, 0x00000000c9400000, 0x00000000c9400000|100%|HC|  |TAMS 0x00000000c9300000, 0x00000000c9300000| Complete 
|1172|0x00000000c9400000, 0x00000000c9500000, 0x00000000c9500000|100%|HS|  |TAMS 0x00000000c9400000, 0x00000000c9400000| Complete 
|1173|0x00000000c9500000, 0x00000000c9600000, 0x00000000c9600000|100%|HC|  |TAMS 0x00000000c9500000, 0x00000000c9500000| Complete 
|1174|0x00000000c9600000, 0x00000000c9700000, 0x00000000c9700000|100%| O|  |TAMS 0x00000000c9600000, 0x00000000c9600000| Untracked 
|1175|0x00000000c9700000, 0x00000000c9800000, 0x00000000c9800000|100%| O|  |TAMS 0x00000000c9700000, 0x00000000c9700000| Untracked 
|1176|0x00000000c9800000, 0x00000000c9900000, 0x00000000c9900000|100%| O|  |TAMS 0x00000000c9800000, 0x00000000c9800000| Untracked 
|1177|0x00000000c9900000, 0x00000000c9a00000, 0x00000000c9a00000|100%| O|  |TAMS 0x00000000c9900000, 0x00000000c9900000| Untracked 
|1178|0x00000000c9a00000, 0x00000000c9b00000, 0x00000000c9b00000|100%| O|  |TAMS 0x00000000c9a00000, 0x00000000c9a00000| Untracked 
|1179|0x00000000c9b00000, 0x00000000c9c00000, 0x00000000c9c00000|100%| O|  |TAMS 0x00000000c9b00000, 0x00000000c9b00000| Untracked 
|1180|0x00000000c9c00000, 0x00000000c9d00000, 0x00000000c9d00000|100%| O|  |TAMS 0x00000000c9c00000, 0x00000000c9c00000| Untracked 
|1181|0x00000000c9d00000, 0x00000000c9e00000, 0x00000000c9e00000|100%| O|  |TAMS 0x00000000c9d00000, 0x00000000c9d00000| Untracked 
|1182|0x00000000c9e00000, 0x00000000c9f00000, 0x00000000c9f00000|100%| O|  |TAMS 0x00000000c9e00000, 0x00000000c9e00000| Untracked 
|1183|0x00000000c9f00000, 0x00000000ca000000, 0x00000000ca000000|100%| O|  |TAMS 0x00000000c9f00000, 0x00000000c9f00000| Untracked 
|1184|0x00000000ca000000, 0x00000000ca100000, 0x00000000ca100000|100%| O|  |TAMS 0x00000000ca000000, 0x00000000ca000000| Untracked 
|1185|0x00000000ca100000, 0x00000000ca200000, 0x00000000ca200000|100%|HS|  |TAMS 0x00000000ca100000, 0x00000000ca100000| Complete 
|1186|0x00000000ca200000, 0x00000000ca300000, 0x00000000ca300000|100%|HC|  |TAMS 0x00000000ca200000, 0x00000000ca200000| Complete 
|1187|0x00000000ca300000, 0x00000000ca400000, 0x00000000ca400000|100%|HC|  |TAMS 0x00000000ca300000, 0x00000000ca300000| Complete 
|1188|0x00000000ca400000, 0x00000000ca500000, 0x00000000ca500000|100%| O|  |TAMS 0x00000000ca400000, 0x00000000ca400000| Untracked 
|1189|0x00000000ca500000, 0x00000000ca600000, 0x00000000ca600000|100%| O|  |TAMS 0x00000000ca500000, 0x00000000ca500000| Untracked 
|1190|0x00000000ca600000, 0x00000000ca700000, 0x00000000ca700000|100%|HS|  |TAMS 0x00000000ca600000, 0x00000000ca600000| Complete 
|1191|0x00000000ca700000, 0x00000000ca800000, 0x00000000ca800000|100%|HC|  |TAMS 0x00000000ca700000, 0x00000000ca700000| Complete 
|1192|0x00000000ca800000, 0x00000000ca900000, 0x00000000ca900000|100%| O|  |TAMS 0x00000000ca800000, 0x00000000ca800000| Untracked 
|1193|0x00000000ca900000, 0x00000000caa00000, 0x00000000caa00000|100%| O|  |TAMS 0x00000000ca900000, 0x00000000ca900000| Untracked 
|1194|0x00000000caa00000, 0x00000000cab00000, 0x00000000cab00000|100%| O|  |TAMS 0x00000000caa00000, 0x00000000caa00000| Untracked 
|1195|0x00000000cab00000, 0x00000000cac00000, 0x00000000cac00000|100%| O|  |TAMS 0x00000000cab00000, 0x00000000cab00000| Untracked 
|1196|0x00000000cac00000, 0x00000000cad00000, 0x00000000cad00000|100%| O|  |TAMS 0x00000000cac00000, 0x00000000cac00000| Untracked 
|1197|0x00000000cad00000, 0x00000000cae00000, 0x00000000cae00000|100%| O|  |TAMS 0x00000000cad00000, 0x00000000cad00000| Untracked 
|1198|0x00000000cae00000, 0x00000000caf00000, 0x00000000caf00000|100%| O|  |TAMS 0x00000000cae00000, 0x00000000cae00000| Untracked 
|1199|0x00000000caf00000, 0x00000000cb000000, 0x00000000cb000000|100%| O|  |TAMS 0x00000000caf00000, 0x00000000caf00000| Untracked 
|1200|0x00000000cb000000, 0x00000000cb0ea200, 0x00000000cb100000| 91%| O|  |TAMS 0x00000000cb000000, 0x00000000cb000000| Untracked 
|1201|0x00000000cb100000, 0x00000000cb200000, 0x00000000cb200000|100%| O|  |TAMS 0x00000000cb100000, 0x00000000cb100000| Untracked 
|1202|0x00000000cb200000, 0x00000000cb300000, 0x00000000cb300000|100%| S|CS|TAMS 0x00000000cb200000, 0x00000000cb200000| Complete 
|1203|0x00000000cb300000, 0x00000000cb300000, 0x00000000cb400000|  0%| F|  |TAMS 0x00000000cb300000, 0x00000000cb300000| Untracked 
|1204|0x00000000cb400000, 0x00000000cb400000, 0x00000000cb500000|  0%| F|  |TAMS 0x00000000cb400000, 0x00000000cb400000| Untracked 
|1205|0x00000000cb500000, 0x00000000cb500000, 0x00000000cb600000|  0%| F|  |TAMS 0x00000000cb500000, 0x00000000cb500000| Untracked 
|1206|0x00000000cb600000, 0x00000000cb600000, 0x00000000cb700000|  0%| F|  |TAMS 0x00000000cb600000, 0x00000000cb600000| Untracked 
|1207|0x00000000cb700000, 0x00000000cb700000, 0x00000000cb800000|  0%| F|  |TAMS 0x00000000cb700000, 0x00000000cb700000| Untracked 
|1208|0x00000000cb800000, 0x00000000cb900000, 0x00000000cb900000|100%| S|CS|TAMS 0x00000000cb800000, 0x00000000cb800000| Complete 
|1209|0x00000000cb900000, 0x00000000cba00000, 0x00000000cba00000|100%| S|CS|TAMS 0x00000000cb900000, 0x00000000cb900000| Complete 
|1210|0x00000000cba00000, 0x00000000cbb00000, 0x00000000cbb00000|100%| S|CS|TAMS 0x00000000cba00000, 0x00000000cba00000| Complete 
|1211|0x00000000cbb00000, 0x00000000cbb00000, 0x00000000cbc00000|  0%| F|  |TAMS 0x00000000cbb00000, 0x00000000cbb00000| Untracked 
|1212|0x00000000cbc00000, 0x00000000cbc00000, 0x00000000cbd00000|  0%| F|  |TAMS 0x00000000cbc00000, 0x00000000cbc00000| Untracked 
|1213|0x00000000cbd00000, 0x00000000cbd00000, 0x00000000cbe00000|  0%| F|  |TAMS 0x00000000cbd00000, 0x00000000cbd00000| Untracked 
|1214|0x00000000cbe00000, 0x00000000cbe00000, 0x00000000cbf00000|  0%| F|  |TAMS 0x00000000cbe00000, 0x00000000cbe00000| Untracked 
|1215|0x00000000cbf00000, 0x00000000cbfaca60, 0x00000000cc000000| 67%| E|  |TAMS 0x00000000cbf00000, 0x00000000cbf00000| Complete 
|1216|0x00000000cc000000, 0x00000000cc100000, 0x00000000cc100000|100%| E|CS|TAMS 0x00000000cc000000, 0x00000000cc000000| Complete 
|1217|0x00000000cc100000, 0x00000000cc200000, 0x00000000cc200000|100%| E|CS|TAMS 0x00000000cc100000, 0x00000000cc100000| Complete 
|1218|0x00000000cc200000, 0x00000000cc300000, 0x00000000cc300000|100%| E|CS|TAMS 0x00000000cc200000, 0x00000000cc200000| Complete 
|1219|0x00000000cc300000, 0x00000000cc400000, 0x00000000cc400000|100%| E|CS|TAMS 0x00000000cc300000, 0x00000000cc300000| Complete 
|1220|0x00000000cc400000, 0x00000000cc500000, 0x00000000cc500000|100%|HS|  |TAMS 0x00000000cc400000, 0x00000000cc400000| Complete 
|1221|0x00000000cc500000, 0x00000000cc600000, 0x00000000cc600000|100%|HC|  |TAMS 0x00000000cc500000, 0x00000000cc500000| Complete 
|1222|0x00000000cc600000, 0x00000000cc700000, 0x00000000cc700000|100%|HC|  |TAMS 0x00000000cc600000, 0x00000000cc600000| Complete 
|1223|0x00000000cc700000, 0x00000000cc800000, 0x00000000cc800000|100%|HC|  |TAMS 0x00000000cc700000, 0x00000000cc700000| Complete 
|1224|0x00000000cc800000, 0x00000000cc900000, 0x00000000cc900000|100%|HC|  |TAMS 0x00000000cc800000, 0x00000000cc800000| Complete 
|1225|0x00000000cc900000, 0x00000000cca00000, 0x00000000cca00000|100%|HC|  |TAMS 0x00000000cc900000, 0x00000000cc900000| Complete 
|1226|0x00000000cca00000, 0x00000000ccb00000, 0x00000000ccb00000|100%|HC|  |TAMS 0x00000000cca00000, 0x00000000cca00000| Complete 
|1227|0x00000000ccb00000, 0x00000000ccc00000, 0x00000000ccc00000|100%|HC|  |TAMS 0x00000000ccb00000, 0x00000000ccb00000| Complete 
|1228|0x00000000ccc00000, 0x00000000ccd00000, 0x00000000ccd00000|100%|HC|  |TAMS 0x00000000ccc00000, 0x00000000ccc00000| Complete 
|1229|0x00000000ccd00000, 0x00000000cce00000, 0x00000000cce00000|100%|HC|  |TAMS 0x00000000ccd00000, 0x00000000ccd00000| Complete 
|1230|0x00000000cce00000, 0x00000000ccf00000, 0x00000000ccf00000|100%|HC|  |TAMS 0x00000000cce00000, 0x00000000cce00000| Complete 
|1231|0x00000000ccf00000, 0x00000000cd000000, 0x00000000cd000000|100%|HC|  |TAMS 0x00000000ccf00000, 0x00000000ccf00000| Complete 
|1232|0x00000000cd000000, 0x00000000cd100000, 0x00000000cd100000|100%|HC|  |TAMS 0x00000000cd000000, 0x00000000cd000000| Complete 
|1233|0x00000000cd100000, 0x00000000cd200000, 0x00000000cd200000|100%|HC|  |TAMS 0x00000000cd100000, 0x00000000cd100000| Complete 
|1234|0x00000000cd200000, 0x00000000cd300000, 0x00000000cd300000|100%|HC|  |TAMS 0x00000000cd200000, 0x00000000cd200000| Complete 
|1235|0x00000000cd300000, 0x00000000cd400000, 0x00000000cd400000|100%|HC|  |TAMS 0x00000000cd300000, 0x00000000cd300000| Complete 
|1236|0x00000000cd400000, 0x00000000cd500000, 0x00000000cd500000|100%|HC|  |TAMS 0x00000000cd400000, 0x00000000cd400000| Complete 
|1237|0x00000000cd500000, 0x00000000cd600000, 0x00000000cd600000|100%|HC|  |TAMS 0x00000000cd500000, 0x00000000cd500000| Complete 
|1238|0x00000000cd600000, 0x00000000cd700000, 0x00000000cd700000|100%|HC|  |TAMS 0x00000000cd600000, 0x00000000cd600000| Complete 
|1239|0x00000000cd700000, 0x00000000cd800000, 0x00000000cd800000|100%|HC|  |TAMS 0x00000000cd700000, 0x00000000cd700000| Complete 
|1240|0x00000000cd800000, 0x00000000cd900000, 0x00000000cd900000|100%|HC|  |TAMS 0x00000000cd800000, 0x00000000cd800000| Complete 
|1241|0x00000000cd900000, 0x00000000cda00000, 0x00000000cda00000|100%|HC|  |TAMS 0x00000000cd900000, 0x00000000cd900000| Complete 
|1242|0x00000000cda00000, 0x00000000cdb00000, 0x00000000cdb00000|100%|HC|  |TAMS 0x00000000cda00000, 0x00000000cda00000| Complete 
|1243|0x00000000cdb00000, 0x00000000cdc00000, 0x00000000cdc00000|100%|HC|  |TAMS 0x00000000cdb00000, 0x00000000cdb00000| Complete 
|1244|0x00000000cdc00000, 0x00000000cdd00000, 0x00000000cdd00000|100%|HC|  |TAMS 0x00000000cdc00000, 0x00000000cdc00000| Complete 
|1245|0x00000000cdd00000, 0x00000000cde00000, 0x00000000cde00000|100%|HC|  |TAMS 0x00000000cdd00000, 0x00000000cdd00000| Complete 
|1246|0x00000000cde00000, 0x00000000cdf00000, 0x00000000cdf00000|100%|HC|  |TAMS 0x00000000cde00000, 0x00000000cde00000| Complete 
|1247|0x00000000cdf00000, 0x00000000ce000000, 0x00000000ce000000|100%|HC|  |TAMS 0x00000000cdf00000, 0x00000000cdf00000| Complete 
|1248|0x00000000ce000000, 0x00000000ce100000, 0x00000000ce100000|100%|HC|  |TAMS 0x00000000ce000000, 0x00000000ce000000| Complete 
|1249|0x00000000ce100000, 0x00000000ce200000, 0x00000000ce200000|100%|HC|  |TAMS 0x00000000ce100000, 0x00000000ce100000| Complete 
|1250|0x00000000ce200000, 0x00000000ce300000, 0x00000000ce300000|100%| E|CS|TAMS 0x00000000ce200000, 0x00000000ce200000| Complete 
|1251|0x00000000ce300000, 0x00000000ce375110, 0x00000000ce400000| 45%| S|CS|TAMS 0x00000000ce300000, 0x00000000ce300000| Complete 

Card table byte_map: [0x0000016bbb1d0000,0x0000016bbb5d0000] _byte_map_base: 0x0000016bbadd0000

Marking Bits (Prev, Next): (CMBitMap*) 0x0000016ba429dd00, (CMBitMap*) 0x0000016ba429dd40
 Prev Bits: [0x0000016bbb9d0000, 0x0000016bbd9d0000)
 Next Bits: [0x0000016bbd9d0000, 0x0000016bbf9d0000)

Polling page: 0x0000016ba20f0000

Metaspace:

Usage:
  Non-class:    102.20 MB used.
      Class:     16.20 MB used.
       Both:    118.40 MB used.

Virtual space:
  Non-class space:      128.00 MB reserved,     102.69 MB ( 80%) committed,  2 nodes.
      Class space:        1.00 GB reserved,      16.75 MB (  2%) committed,  1 nodes.
             Both:        1.12 GB reserved,     119.44 MB ( 10%) committed. 

Chunk freelists:
   Non-Class:  9.00 MB
       Class:  15.24 MB
        Both:  24.24 MB

MaxMetaspaceSize: unlimited
CompressedClassSpaceSize: 1.00 GB
Initial GC threshold: 21.00 MB
Current GC threshold: 170.75 MB
CDS: on
MetaspaceReclaimPolicy: balanced
 - commit_granule_bytes: 65536.
 - commit_granule_words: 8192.
 - virtual_space_node_default_size: 8388608.
 - enlarge_chunks_in_place: 1.
 - new_chunks_are_fully_committed: 0.
 - uncommit_free_chunks: 1.
 - use_allocation_guard: 0.
 - handle_deallocations: 1.


Internal statistics:

num_allocs_failed_limit: 6.
num_arena_births: 1588.
num_arena_deaths: 4.
num_vsnodes_births: 3.
num_vsnodes_deaths: 0.
num_space_committed: 1910.
num_space_uncommitted: 0.
num_chunks_returned_to_freelist: 12.
num_chunks_taken_from_freelist: 6859.
num_chunk_merges: 9.
num_chunk_splits: 4515.
num_chunks_enlarged: 2993.
num_inconsistent_stats: 0.

CodeHeap 'non-profiled nmethods': size=120000Kb used=23518Kb max_used=24021Kb free=96481Kb
 bounds [0x0000016bb38a0000, 0x0000016bb5020000, 0x0000016bbadd0000]
CodeHeap 'profiled nmethods': size=120000Kb used=32027Kb max_used=33400Kb free=87972Kb
 bounds [0x0000016babdd0000, 0x0000016badf60000, 0x0000016bb3300000]
CodeHeap 'non-nmethods': size=5760Kb used=1812Kb max_used=1955Kb free=3947Kb
 bounds [0x0000016bb3300000, 0x0000016bb3570000, 0x0000016bb38a0000]
 total_blobs=19058 nmethods=18144 adapters=823
 compilation: enabled
              stopped_count=0, restarted_count=0
 full_count=0

Compilation events (20 events):
Event: 200.375 Thread 0x0000016bc1e9f890 25677       3       com.android.tools.r8.internal.eq1$f::a (11 bytes)
Event: 200.376 Thread 0x0000016bc1e9f890 nmethod 25677 0x0000016bad8e2710 code [0x0000016bad8e28c0, 0x0000016bad8e2a38]
Event: 200.420 Thread 0x0000016bc1e9f890 25681       2       com.android.tools.r8.dex.l::a (32 bytes)
Event: 200.420 Thread 0x0000016bc1e9f890 nmethod 25681 0x0000016bad990490 code [0x0000016bad990640, 0x0000016bad990768]
Event: 200.420 Thread 0x0000016bc1e9f890 25682       2       com.android.tools.r8.dex.z::h (23 bytes)
Event: 200.421 Thread 0x0000016bc1e9f890 nmethod 25682 0x0000016bad732f10 code [0x0000016bad7330e0, 0x0000016bad733338]
Event: 200.452 Thread 0x0000016bc1e96dd0 nmethod 25633 0x0000016bb4571790 code [0x0000016bb4571b40, 0x0000016bb4576738]
Event: 200.452 Thread 0x0000016bc1e96dd0 25669       4       java.lang.PublicMethods::merge (81 bytes)
Event: 200.461 Thread 0x0000016bc1e9f890 25684       2       org.gradle.util.internal.GFileUtils::mkdirs (271 bytes)
Event: 200.466 Thread 0x0000016bc1e9f890 nmethod 25684 0x0000016bad0c9c10 code [0x0000016bad0ca240, 0x0000016bad0cc738]
Event: 200.580 Thread 0x0000016bc1e9f890 25686       2       java.util.concurrent.ScheduledThreadPoolExecutor$DelayedWorkQueue::finishPoll (43 bytes)
Event: 200.580 Thread 0x0000016bc1e9f890 nmethod 25686 0x0000016bad8b7390 code [0x0000016bad8b7540, 0x0000016bad8b7788]
Event: 200.580 Thread 0x0000016bc1e9f890 25687       2       java.util.concurrent.ScheduledThreadPoolExecutor$ScheduledFutureTask::run (57 bytes)
Event: 200.581 Thread 0x0000016bc1e9f890 nmethod 25687 0x0000016bad774e10 code [0x0000016bad775000, 0x0000016bad775278]
Event: 200.581 Thread 0x0000016bc1e9f890 25688   !   2       java.util.concurrent.FutureTask::runAndReset (125 bytes)
Event: 200.582 Thread 0x0000016bc1e9f890 nmethod 25688 0x0000016bad066410 code [0x0000016bad0666c0, 0x0000016bad067188]
Event: 200.604 Thread 0x0000016bc1e96dd0 nmethod 25669 0x0000016bb3c93f10 code [0x0000016bb3c94200, 0x0000016bb3c975c0]
Event: 200.604 Thread 0x0000016bc1e96dd0 25598       4       com.android.tools.r8.dex.z::f (49 bytes)
Event: 200.614 Thread 0x0000016bc1e96dd0 nmethod 25598 0x0000016bb42fab10 code [0x0000016bb42facc0, 0x0000016bb42fb178]
Event: 200.614 Thread 0x0000016bc1e96dd0 25606       4       com.android.tools.r8.internal.eu1::a (288 bytes)

GC Heap History (20 events):
Event: 198.829 GC heap before
{Heap before GC invocations=599 (full 0):
 garbage-first heap   total 1249280K, used 1109488K [0x0000000080000000, 0x0000000100000000)
  region size 1024K, 6 young (6144K), 1 survivors (1024K)
 Metaspace       used 120025K, committed 121088K, reserved 1179648K
  class space    used 16434K, committed 16960K, reserved 1048576K
}
Event: 198.832 GC heap after
{Heap after GC invocations=600 (full 0):
 garbage-first heap   total 1249280K, used 1111184K [0x0000000080000000, 0x0000000100000000)
  region size 1024K, 6 young (6144K), 6 survivors (6144K)
 Metaspace       used 120025K, committed 121088K, reserved 1179648K
  class space    used 16434K, committed 16960K, reserved 1048576K
}
Event: 198.867 GC heap before
{Heap before GC invocations=600 (full 0):
 garbage-first heap   total 1249280K, used 1141904K [0x0000000080000000, 0x0000000100000000)
  region size 1024K, 7 young (7168K), 6 survivors (6144K)
 Metaspace       used 120025K, committed 121088K, reserved 1179648K
  class space    used 16434K, committed 16960K, reserved 1048576K
}
Event: 198.870 GC heap after
{Heap after GC invocations=601 (full 0):
 garbage-first heap   total 1249280K, used 1141011K [0x0000000080000000, 0x0000000100000000)
  region size 1024K, 5 young (5120K), 5 survivors (5120K)
 Metaspace       used 120025K, committed 121088K, reserved 1179648K
  class space    used 16434K, committed 16960K, reserved 1048576K
}
Event: 199.321 GC heap before
{Heap before GC invocations=601 (full 0):
 garbage-first heap   total 1249280K, used 1231123K [0x0000000080000000, 0x0000000100000000)
  region size 1024K, 31 young (31744K), 5 survivors (5120K)
 Metaspace       used 120469K, committed 121472K, reserved 1179648K
  class space    used 16498K, committed 17024K, reserved 1048576K
}
Event: 199.326 GC heap after
{Heap after GC invocations=602 (full 0):
 garbage-first heap   total 1249280K, used 1181405K [0x0000000080000000, 0x0000000100000000)
  region size 1024K, 8 young (8192K), 8 survivors (8192K)
 Metaspace       used 120469K, committed 121472K, reserved 1179648K
  class space    used 16498K, committed 17024K, reserved 1048576K
}
Event: 199.396 GC heap before
{Heap before GC invocations=602 (full 0):
 garbage-first heap   total 1280000K, used 1265373K [0x0000000080000000, 0x0000000100000000)
  region size 1024K, 14 young (14336K), 8 survivors (8192K)
 Metaspace       used 120469K, committed 121472K, reserved 1179648K
  class space    used 16498K, committed 17024K, reserved 1048576K
}
Event: 199.399 GC heap after
{Heap after GC invocations=603 (full 0):
 garbage-first heap   total 1280000K, used 1218126K [0x0000000080000000, 0x0000000100000000)
  region size 1024K, 6 young (6144K), 6 survivors (6144K)
 Metaspace       used 120469K, committed 121472K, reserved 1179648K
  class space    used 16498K, committed 17024K, reserved 1048576K
}
Event: 199.586 GC heap before
{Heap before GC invocations=603 (full 0):
 garbage-first heap   total 1280000K, used 1263182K [0x0000000080000000, 0x0000000100000000)
  region size 1024K, 26 young (26624K), 6 survivors (6144K)
 Metaspace       used 120567K, committed 121600K, reserved 1179648K
  class space    used 16504K, committed 17024K, reserved 1048576K
}
Event: 199.592 GC heap after
{Heap after GC invocations=604 (full 0):
 garbage-first heap   total 1280000K, used 1230170K [0x0000000080000000, 0x0000000100000000)
  region size 1024K, 6 young (6144K), 6 survivors (6144K)
 Metaspace       used 120567K, committed 121600K, reserved 1179648K
  class space    used 16504K, committed 17024K, reserved 1048576K
}
Event: 199.813 GC heap before
{Heap before GC invocations=604 (full 0):
 garbage-first heap   total 1280000K, used 1258842K [0x0000000080000000, 0x0000000100000000)
  region size 1024K, 36 young (36864K), 6 survivors (6144K)
 Metaspace       used 120575K, committed 121600K, reserved 1179648K
  class space    used 16505K, committed 17024K, reserved 1048576K
}
Event: 199.827 GC heap after
{Heap after GC invocations=605 (full 0):
 garbage-first heap   total 1280000K, used 1238648K [0x0000000080000000, 0x0000000100000000)
  region size 1024K, 8 young (8192K), 8 survivors (8192K)
 Metaspace       used 120575K, committed 121600K, reserved 1179648K
  class space    used 16505K, committed 17024K, reserved 1048576K
}
Event: 200.116 GC heap before
{Heap before GC invocations=605 (full 0):
 garbage-first heap   total 1280000K, used 1260152K [0x0000000080000000, 0x0000000100000000)
  region size 1024K, 30 young (30720K), 8 survivors (8192K)
 Metaspace       used 121037K, committed 122048K, reserved 1179648K
  class space    used 16552K, committed 17088K, reserved 1048576K
}
Event: 200.130 GC heap after
{Heap after GC invocations=606 (full 0):
 garbage-first heap   total 1280000K, used 1245456K [0x0000000080000000, 0x0000000100000000)
  region size 1024K, 6 young (6144K), 6 survivors (6144K)
 Metaspace       used 121037K, committed 122048K, reserved 1179648K
  class space    used 16552K, committed 17088K, reserved 1048576K
}
Event: 200.399 GC heap before
{Heap before GC invocations=606 (full 0):
 garbage-first heap   total 1280000K, used 1264912K [0x0000000080000000, 0x0000000100000000)
  region size 1024K, 25 young (25600K), 6 survivors (6144K)
 Metaspace       used 121226K, committed 122304K, reserved 1179648K
  class space    used 16586K, committed 17152K, reserved 1048576K
}
Event: 200.416 GC heap after
{Heap after GC invocations=607 (full 0):
 garbage-first heap   total 1281024K, used 1253949K [0x0000000080000000, 0x0000000100000000)
  region size 1024K, 8 young (8192K), 8 survivors (8192K)
 Metaspace       used 121226K, committed 122304K, reserved 1179648K
  class space    used 16586K, committed 17152K, reserved 1048576K
}
Event: 200.494 GC heap before
{Heap before GC invocations=607 (full 0):
 garbage-first heap   total 1281024K, used 1264189K [0x0000000080000000, 0x0000000100000000)
  region size 1024K, 20 young (20480K), 8 survivors (8192K)
 Metaspace       used 121236K, committed 122304K, reserved 1179648K
  class space    used 16588K, committed 17152K, reserved 1048576K
}
Event: 200.516 GC heap after
{Heap after GC invocations=608 (full 0):
 garbage-first heap   total 1281024K, used 1259169K [0x0000000080000000, 0x0000000100000000)
  region size 1024K, 5 young (5120K), 5 survivors (5120K)
 Metaspace       used 121236K, committed 122304K, reserved 1179648K
  class space    used 16588K, committed 17152K, reserved 1048576K
}
Event: 200.628 GC heap before
{Heap before GC invocations=608 (full 0):
 garbage-first heap   total 1281024K, used 1269409K [0x0000000080000000, 0x0000000100000000)
  region size 1024K, 15 young (15360K), 5 survivors (5120K)
 Metaspace       used 121241K, committed 122304K, reserved 1179648K
  class space    used 16588K, committed 17152K, reserved 1048576K
}
Event: 200.649 GC heap after
{Heap after GC invocations=609 (full 0):
 garbage-first heap   total 1282048K, used 1266044K [0x0000000080000000, 0x0000000100000000)
  region size 1024K, 5 young (5120K), 5 survivors (5120K)
 Metaspace       used 121241K, committed 122304K, reserved 1179648K
  class space    used 16588K, committed 17152K, reserved 1048576K
}

Dll operation events (16 events):
Event: 0.012 Loaded shared library C:\Program Files\Eclipse Adoptium\jdk-17.0.19.10-hotspot\bin\java.dll
Event: 0.027 Loaded shared library C:\Program Files\Eclipse Adoptium\jdk-17.0.19.10-hotspot\bin\jsvml.dll
Event: 0.088 Loaded shared library C:\Program Files\Eclipse Adoptium\jdk-17.0.19.10-hotspot\bin\zip.dll
Event: 0.093 Loaded shared library C:\Program Files\Eclipse Adoptium\jdk-17.0.19.10-hotspot\bin\instrument.dll
Event: 0.097 Loaded shared library C:\Program Files\Eclipse Adoptium\jdk-17.0.19.10-hotspot\bin\net.dll
Event: 0.098 Loaded shared library C:\Program Files\Eclipse Adoptium\jdk-17.0.19.10-hotspot\bin\nio.dll
Event: 0.100 Loaded shared library C:\Program Files\Eclipse Adoptium\jdk-17.0.19.10-hotspot\bin\zip.dll
Event: 0.405 Loaded shared library C:\Program Files\Eclipse Adoptium\jdk-17.0.19.10-hotspot\bin\jimage.dll
Event: 0.632 Loaded shared library C:\Program Files\Eclipse Adoptium\jdk-17.0.19.10-hotspot\bin\verify.dll
Event: 0.666 Loaded shared library C:\Users\Shyly\.gradle\native\660c5614fbf4a5f2a75b1949f50a0caf5cd603558e7d8a26e50b933a0cfb79d1\windows-amd64\native-platform.dll
Event: 0.690 Loaded shared library C:\Users\Shyly\.gradle\native\0.2.8\x86_64-windows-gnu\gradle-fileevents.dll
Event: 2.500 Loaded shared library C:\Program Files\Eclipse Adoptium\jdk-17.0.19.10-hotspot\bin\management.dll
Event: 2.502 Loaded shared library C:\Program Files\Eclipse Adoptium\jdk-17.0.19.10-hotspot\bin\management_ext.dll
Event: 2.726 Loaded shared library C:\Program Files\Eclipse Adoptium\jdk-17.0.19.10-hotspot\bin\extnet.dll
Event: 3.118 Loaded shared library C:\Program Files\Eclipse Adoptium\jdk-17.0.19.10-hotspot\bin\sunmscapi.dll
Event: 32.600 Loaded shared library C:\Program Files\Eclipse Adoptium\jdk-17.0.19.10-hotspot\bin\rmi.dll

Deoptimization events (20 events):
Event: 200.481 Thread 0x0000016c0c5ca4e0 DEOPT PACKING pc=0x0000016bad3a0e12 sp=0x00000040195fd980
Event: 200.481 Thread 0x0000016c0c5ca4e0 DEOPT UNPACKING pc=0x0000016bb3357143 sp=0x00000040195fd030 mode 0
Event: 200.483 Thread 0x0000016c0c5ca4e0 DEOPT PACKING pc=0x0000016bad3a0e12 sp=0x00000040195fd980
Event: 200.483 Thread 0x0000016c0c5ca4e0 DEOPT UNPACKING pc=0x0000016bb3357143 sp=0x00000040195fd030 mode 0
Event: 200.485 Thread 0x0000016c0c5ca4e0 DEOPT PACKING pc=0x0000016bad3a0e12 sp=0x00000040195fd980
Event: 200.485 Thread 0x0000016c0c5ca4e0 DEOPT UNPACKING pc=0x0000016bb3357143 sp=0x00000040195fd030 mode 0
Event: 200.598 Thread 0x0000016c0c5ca4e0 DEOPT PACKING pc=0x0000016bad3a0e12 sp=0x00000040195fd980
Event: 200.598 Thread 0x0000016c0c5ca4e0 DEOPT UNPACKING pc=0x0000016bb3357143 sp=0x00000040195fd030 mode 0
Event: 200.604 Thread 0x0000016c0c5ca4e0 DEOPT PACKING pc=0x0000016bad3a0e12 sp=0x00000040195fd980
Event: 200.604 Thread 0x0000016c0c5ca4e0 DEOPT UNPACKING pc=0x0000016bb3357143 sp=0x00000040195fd030 mode 0
Event: 200.605 Thread 0x0000016c0c5ca4e0 DEOPT PACKING pc=0x0000016bad3a0e12 sp=0x00000040195fd980
Event: 200.605 Thread 0x0000016c0c5ca4e0 DEOPT UNPACKING pc=0x0000016bb3357143 sp=0x00000040195fd030 mode 0
Event: 200.612 Thread 0x0000016c0c5ca4e0 DEOPT PACKING pc=0x0000016bad3a0e12 sp=0x00000040195fd980
Event: 200.612 Thread 0x0000016c0c5ca4e0 DEOPT UNPACKING pc=0x0000016bb3357143 sp=0x00000040195fd030 mode 0
Event: 200.615 Thread 0x0000016c0c5ca4e0 DEOPT PACKING pc=0x0000016bad3a0e12 sp=0x00000040195fd980
Event: 200.615 Thread 0x0000016c0c5ca4e0 DEOPT UNPACKING pc=0x0000016bb3357143 sp=0x00000040195fd030 mode 0
Event: 200.617 Thread 0x0000016c0c5ca4e0 DEOPT PACKING pc=0x0000016bad3a0e12 sp=0x00000040195fd980
Event: 200.617 Thread 0x0000016c0c5ca4e0 DEOPT UNPACKING pc=0x0000016bb3357143 sp=0x00000040195fd030 mode 0
Event: 200.620 Thread 0x0000016c0c5ca4e0 DEOPT PACKING pc=0x0000016bad3a0e12 sp=0x00000040195fd980
Event: 200.620 Thread 0x0000016c0c5ca4e0 DEOPT UNPACKING pc=0x0000016bb3357143 sp=0x00000040195fd030 mode 0

Classes loaded (20 events):
Event: 114.327 Loading class java/util/zip/ZipOutputStream$XEntry
Event: 114.327 Loading class java/util/zip/ZipOutputStream$XEntry done
Event: 114.327 Loading class java/util/Vector$Itr
Event: 114.328 Loading class java/util/Vector$Itr done
Event: 143.988 Loading class java/util/WeakHashMap$KeyIterator
Event: 144.010 Loading class java/util/WeakHashMap$HashIterator
Event: 144.011 Loading class java/util/WeakHashMap$HashIterator done
Event: 144.011 Loading class java/util/WeakHashMap$KeyIterator done
Event: 198.417 Loading class java/nio/file/FileTreeIterator
Event: 198.421 Loading class java/nio/file/FileTreeIterator done
Event: 198.792 Loading class java/util/concurrent/ConcurrentSkipListMap$KeySet
Event: 198.793 Loading class java/util/concurrent/ConcurrentSkipListMap$KeySet done
Event: 198.793 Loading class java/util/concurrent/ConcurrentSkipListMap$KeyIterator
Event: 198.793 Loading class java/util/concurrent/ConcurrentSkipListMap$KeyIterator done
Event: 199.195 Loading class java/nio/BufferUnderflowException
Event: 199.197 Loading class java/nio/BufferUnderflowException done
Event: 200.359 Loading class java/util/concurrent/Executors$DelegatedScheduledExecutorService
Event: 200.359 Loading class java/util/concurrent/Executors$DelegatedExecutorService
Event: 200.360 Loading class java/util/concurrent/Executors$DelegatedExecutorService done
Event: 200.360 Loading class java/util/concurrent/Executors$DelegatedScheduledExecutorService done

Classes unloaded (2 events):
Event: 200.680 Thread 0x0000016bc1e6f6c0 Unloading class 0x0000016bc3e9c400 'java/lang/invoke/LambdaForm$DMH+0x0000016bc3e9c400'
Event: 200.680 Thread 0x0000016bc1e6f6c0 Unloading class 0x0000016bc3e9c000 'java/lang/invoke/LambdaForm$DMH+0x0000016bc3e9c000'

Classes redefined (0 events):
No events

Internal exceptions (20 events):
Event: 199.870 Thread 0x0000016c0737d670 Exception <a 'sun/nio/fs/WindowsException'{0x00000000cbfb8590}> (0x00000000cbfb8590) 
thrown [s\src\hotspot\share\prims\jni.cpp, line 516]
Event: 199.871 Thread 0x0000016c0737d670 Exception <a 'sun/nio/fs/WindowsException'{0x00000000cbfb9708}> (0x00000000cbfb9708) 
thrown [s\src\hotspot\share\prims\jni.cpp, line 516]
Event: 199.871 Thread 0x0000016c0737d670 Exception <a 'sun/nio/fs/WindowsException'{0x00000000cbfb98a0}> (0x00000000cbfb98a0) 
thrown [s\src\hotspot\share\prims\jni.cpp, line 516]
Event: 199.871 Thread 0x0000016c0737d670 Exception <a 'sun/nio/fs/WindowsException'{0x00000000cbfbaca8}> (0x00000000cbfbaca8) 
thrown [s\src\hotspot\share\prims\jni.cpp, line 516]
Event: 199.871 Thread 0x0000016c0737d670 Exception <a 'sun/nio/fs/WindowsException'{0x00000000cbfbbe20}> (0x00000000cbfbbe20) 
thrown [s\src\hotspot\share\prims\jni.cpp, line 516]
Event: 199.871 Thread 0x0000016c0737d670 Exception <a 'sun/nio/fs/WindowsException'{0x00000000cbfbbfb8}> (0x00000000cbfbbfb8) 
thrown [s\src\hotspot\share\prims\jni.cpp, line 516]
Event: 199.871 Thread 0x0000016c0737d670 Exception <a 'sun/nio/fs/WindowsException'{0x00000000cbfbd318}> (0x00000000cbfbd318) 
thrown [s\src\hotspot\share\prims\jni.cpp, line 516]
Event: 199.871 Thread 0x0000016c0737d670 Exception <a 'sun/nio/fs/WindowsException'{0x00000000cbfbe478}> (0x00000000cbfbe478) 
thrown [s\src\hotspot\share\prims\jni.cpp, line 516]
Event: 199.871 Thread 0x0000016c0737d670 Exception <a 'sun/nio/fs/WindowsException'{0x00000000cbfbe5f8}> (0x00000000cbfbe5f8) 
thrown [s\src\hotspot\share\prims\jni.cpp, line 516]
Event: 199.872 Thread 0x0000016c0737d670 Exception <a 'sun/nio/fs/WindowsException'{0x00000000cbfbf9b0}> (0x00000000cbfbf9b0) 
thrown [s\src\hotspot\share\prims\jni.cpp, line 516]
Event: 199.893 Thread 0x0000016c0737d670 Exception <a 'java/lang/NoSuchMethodError'{0x00000000cbb0bd90}: static Lcom/android/builder/internal/aapt/AaptOptions;.<clinit>()V> (0x00000000cbb0bd90) 
thrown [s\src\hotspot\share\prims\jni.cpp, line 1112]
Event: 199.895 Thread 0x0000016c0737d670 Exception <a 'java/lang/NoSuchMethodError'{0x00000000cbb23118}: static Ljava/lang/Object;.<clinit>()V> (0x00000000cbb23118) 
thrown [s\src\hotspot\share\prims\jni.cpp, line 1112]
Event: 199.897 Thread 0x0000016c0737d670 Exception <a 'java/lang/NoSuchMethodError'{0x00000000cbb99408}: static Lcom/android/build/api/variant/impl/SerializableApplicationMultiOutputHandler;.<clinit>()V> (0x00000000cbb99408) 
thrown [s\src\hotspot\share\prims\jni.cpp, line 1112]
Event: 199.898 Thread 0x0000016c0737d670 Exception <a 'java/lang/NoSuchMethodError'{0x00000000cbbb1778}: static Lcom/android/build/api/variant/impl/VariantOutputImpl$SerializedForm;.<clinit>()V> (0x00000000cbbb1778) 
thrown [s\src\hotspot\share\prims\jni.cpp, line 1112]
Event: 199.899 Thread 0x0000016c0737d670 Exception <a 'java/lang/NoSuchMethodError'{0x00000000cbbc7c28}: static Lcom/android/build/api/variant/impl/VariantOutputConfigurationImpl;.<clinit>()V> (0x00000000cbbc7c28) 
thrown [s\src\hotspot\share\prims\jni.cpp, line 1112]
Event: 199.906 Thread 0x0000016c0737e090 Exception <a 'sun/nio/fs/WindowsException'{0x00000000cbafc510}> (0x00000000cbafc510) 
thrown [s\src\hotspot\share\prims\jni.cpp, line 516]
Event: 199.906 Thread 0x0000016c0737e090 Exception <a 'sun/nio/fs/WindowsException'{0x00000000cbaff2c8}> (0x00000000cbaff2c8) 
thrown [s\src\hotspot\share\prims\jni.cpp, line 516]
Event: 199.909 Thread 0x0000016c0737e090 Exception <a 'sun/nio/fs/WindowsException'{0x00000000cb9093e8}> (0x00000000cb9093e8) 
thrown [s\src\hotspot\share\prims\jni.cpp, line 516]
Event: 199.911 Thread 0x0000016c0737e090 Exception <a 'sun/nio/fs/WindowsException'{0x00000000cb911578}> (0x00000000cb911578) 
thrown [s\src\hotspot\share\prims\jni.cpp, line 516]
Event: 199.917 Thread 0x0000016c0737e090 Exception <a 'sun/nio/fs/WindowsException'{0x00000000cb80ac48}> (0x00000000cb80ac48) 
thrown [s\src\hotspot\share\prims\jni.cpp, line 516]

VM Operations (20 events):
Event: 199.399 Executing VM operation: G1CollectForAllocation done
Event: 199.509 Executing VM operation: HandshakeAllThreads
Event: 199.512 Executing VM operation: HandshakeAllThreads done
Event: 199.584 Executing VM operation: G1CollectForAllocation
Event: 199.592 Executing VM operation: G1CollectForAllocation done
Event: 199.813 Executing VM operation: G1CollectForAllocation
Event: 199.827 Executing VM operation: G1CollectForAllocation done
Event: 200.014 Executing VM operation: HandshakeAllThreads
Event: 200.014 Executing VM operation: HandshakeAllThreads done
Event: 200.113 Executing VM operation: HandshakeAllThreads
Event: 200.115 Executing VM operation: HandshakeAllThreads done
Event: 200.116 Executing VM operation: G1CollectForAllocation
Event: 200.130 Executing VM operation: G1CollectForAllocation done
Event: 200.394 Executing VM operation: G1CollectForAllocation
Event: 200.416 Executing VM operation: G1CollectForAllocation done
Event: 200.494 Executing VM operation: G1CollectForAllocation
Event: 200.516 Executing VM operation: G1CollectForAllocation done
Event: 200.628 Executing VM operation: G1CollectForAllocation
Event: 200.649 Executing VM operation: G1CollectForAllocation done
Event: 200.680 Executing VM operation: G1PauseRemark

Memory protections (0 events):
No events

Nmethod flushes (20 events):
Event: 199.545 Thread 0x0000016bc1eaaa70 flushing  nmethod 0x0000016badbdc190
Event: 199.545 Thread 0x0000016bc1eaaa70 flushing  nmethod 0x0000016badbe9310
Event: 199.545 Thread 0x0000016bc1eaaa70 flushing  nmethod 0x0000016badc27390
Event: 199.545 Thread 0x0000016bc1eaaa70 flushing  nmethod 0x0000016badc27790
Event: 199.545 Thread 0x0000016bc1eaaa70 flushing  nmethod 0x0000016badc28f90
Event: 199.545 Thread 0x0000016bc1eaaa70 flushing  nmethod 0x0000016badc65c90
Event: 199.545 Thread 0x0000016bc1eaaa70 flushing  nmethod 0x0000016badcae590
Event: 199.545 Thread 0x0000016bc1eaaa70 flushing  nmethod 0x0000016badcb5c90
Event: 199.545 Thread 0x0000016bc1eaaa70 flushing  nmethod 0x0000016badcc7f10
Event: 199.545 Thread 0x0000016bc1eaaa70 flushing  nmethod 0x0000016badcd3390
Event: 199.545 Thread 0x0000016bc1eaaa70 flushing  nmethod 0x0000016badcf6c90
Event: 199.545 Thread 0x0000016bc1eaaa70 flushing  nmethod 0x0000016badcf7790
Event: 199.545 Thread 0x0000016bc1eaaa70 flushing  nmethod 0x0000016badd0ed10
Event: 199.545 Thread 0x0000016bc1eaaa70 flushing  nmethod 0x0000016badd1ac90
Event: 199.545 Thread 0x0000016bc1eaaa70 flushing  nmethod 0x0000016badd20910
Event: 199.546 Thread 0x0000016bc1eaaa70 flushing  nmethod 0x0000016badd8f190
Event: 199.546 Thread 0x0000016bc1eaaa70 flushing  nmethod 0x0000016badd92910
Event: 199.546 Thread 0x0000016bc1eaaa70 flushing  nmethod 0x0000016baddb8990
Event: 199.546 Thread 0x0000016bc1eaaa70 flushing  nmethod 0x0000016baddc2f90
Event: 199.546 Thread 0x0000016bc1eaaa70 flushing osr nmethod 0x0000016badec4f10

Events (20 events):
Event: 84.663 Thread 0x0000016c0737b810 Thread exited: 0x0000016c0737b810
Event: 86.021 Thread 0x0000016c0737bd20 Thread exited: 0x0000016c0737bd20
Event: 108.091 Thread 0x0000016c0c5c8680 Thread exited: 0x0000016c0c5c8680
Event: 109.439 Thread 0x0000016c0c5c8170 Thread added: 0x0000016c0a855e60
Event: 135.643 Thread 0x0000016c09778660 Thread exited: 0x0000016c09778660
Event: 135.715 Thread 0x0000016bc1e9f890 Thread added: 0x0000016c0dcaaf20
Event: 135.879 Thread 0x0000016c0dcaaf20 Thread exited: 0x0000016c0dcaaf20
Event: 135.957 Thread 0x0000016bc1e9f890 Thread added: 0x0000016c09776130
Event: 141.181 Thread 0x0000016c09776130 Thread exited: 0x0000016c09776130
Event: 142.303 Thread 0x0000016bc1e96dd0 Thread added: 0x0000016c07346090
Event: 143.810 Thread 0x0000016c07346090 Thread exited: 0x0000016c07346090
Event: 144.091 Thread 0x0000016bc1e9f890 Thread added: 0x0000016c0ecaece0
Event: 146.210 Thread 0x0000016c0737c230 Thread exited: 0x0000016c0737c230
Event: 148.948 Thread 0x0000016c0ecaece0 Thread exited: 0x0000016c0ecaece0
Event: 184.665 Thread 0x0000016c0a855e60 Thread exited: 0x0000016c0a855e60
Event: 198.393 Thread 0x0000016c0737efc0 Thread added: 0x0000016c141cc610
Event: 198.582 Thread 0x0000016c0c5c7240 Thread added: 0x0000016c141cacc0
Event: 200.361 Thread 0x0000016c141cc610 Thread added: 0x0000016c0a850d60
Event: 200.419 Thread 0x0000016c141cc610 Thread added: 0x0000016c141cc100
Event: 200.419 Thread 0x0000016c141cc610 Thread added: 0x0000016c141cb1d0


Dynamic libraries:
0x00007ff68af60000 - 0x00007ff68af6e000 	C:\Program Files\Eclipse Adoptium\jdk-17.0.19.10-hotspot\bin\java.exe
0x00007ff997830000 - 0x00007ff997a28000 	C:\Windows\SYSTEM32\ntdll.dll
0x00007ff997160000 - 0x00007ff997222000 	C:\Windows\System32\KERNEL32.DLL
0x00007ff995550000 - 0x00007ff995846000 	C:\Windows\System32\KERNELBASE.dll
0x00007ff994ec0000 - 0x00007ff994fc0000 	C:\Windows\System32\ucrtbase.dll
0x00007ff96b0f0000 - 0x00007ff96b108000 	C:\Program Files\Eclipse Adoptium\jdk-17.0.19.10-hotspot\bin\jli.dll
0x00007ff968a70000 - 0x00007ff968a8e000 	C:\Program Files\Eclipse Adoptium\jdk-17.0.19.10-hotspot\bin\VCRUNTIME140.dll
0x00007ff997230000 - 0x00007ff9973d1000 	C:\Windows\System32\USER32.dll
0x00007ff995310000 - 0x00007ff995332000 	C:\Windows\System32\win32u.dll
0x00007ff981950000 - 0x00007ff981beb000 	C:\Windows\WinSxS\amd64_microsoft.windows.common-controls_6595b64144ccf1df_6.0.19041.6456_none_60b8a6cb71f64256\COMCTL32.dll
0x00007ff995e00000 - 0x00007ff995e2b000 	C:\Windows\System32\GDI32.dll
0x00007ff995e30000 - 0x00007ff995ece000 	C:\Windows\System32\msvcrt.dll
0x00007ff9951f0000 - 0x00007ff995309000 	C:\Windows\System32\gdi32full.dll
0x00007ff994fc0000 - 0x00007ff99505d000 	C:\Windows\System32\msvcp_win.dll
0x00007ff9969e0000 - 0x00007ff996a0f000 	C:\Windows\System32\IMM32.DLL
0x00007ff96b310000 - 0x00007ff96b31c000 	C:\Program Files\Eclipse Adoptium\jdk-17.0.19.10-hotspot\bin\vcruntime140_1.dll
0x00007ff94fb40000 - 0x00007ff94fbcd000 	C:\Program Files\Eclipse Adoptium\jdk-17.0.19.10-hotspot\bin\msvcp140.dll
0x00007ff8d7ca0000 - 0x00007ff8d890c000 	C:\Program Files\Eclipse Adoptium\jdk-17.0.19.10-hotspot\bin\server\jvm.dll
0x00007ff996a10000 - 0x00007ff996ac1000 	C:\Windows\System32\ADVAPI32.dll
0x00007ff9976f0000 - 0x00007ff99778f000 	C:\Windows\System32\sechost.dll
0x00007ff997440000 - 0x00007ff997560000 	C:\Windows\System32\RPCRT4.dll
0x00007ff9951c0000 - 0x00007ff9951e7000 	C:\Windows\System32\bcrypt.dll
0x00007ff996970000 - 0x00007ff9969db000 	C:\Windows\System32\WS2_32.dll
0x00007ff994c70000 - 0x00007ff994cbb000 	C:\Windows\SYSTEM32\POWRPROF.dll
0x00007ff98b520000 - 0x00007ff98b547000 	C:\Windows\SYSTEM32\WINMM.dll
0x00007ff98d0c0000 - 0x00007ff98d0ca000 	C:\Windows\SYSTEM32\VERSION.dll
0x00007ff994be0000 - 0x00007ff994bf2000 	C:\Windows\SYSTEM32\UMPDC.dll
0x00007ff992d30000 - 0x00007ff992d42000 	C:\Windows\SYSTEM32\kernel.appcore.dll
0x00007ff968a40000 - 0x00007ff968a4a000 	C:\Program Files\Eclipse Adoptium\jdk-17.0.19.10-hotspot\bin\jimage.dll
0x00007ff988ec0000 - 0x00007ff9890c1000 	C:\Windows\SYSTEM32\DBGHELP.DLL
0x00007ff97a660000 - 0x00007ff97a694000 	C:\Windows\SYSTEM32\dbgcore.DLL
0x00007ff995470000 - 0x00007ff9954f2000 	C:\Windows\System32\bcryptPrimitives.dll
0x00007ff96b320000 - 0x00007ff96b32e000 	C:\Program Files\Eclipse Adoptium\jdk-17.0.19.10-hotspot\bin\instrument.dll
0x00007ff9607e0000 - 0x00007ff960805000 	C:\Program Files\Eclipse Adoptium\jdk-17.0.19.10-hotspot\bin\java.dll
0x00007ff8df690000 - 0x00007ff8df767000 	C:\Program Files\Eclipse Adoptium\jdk-17.0.19.10-hotspot\bin\jsvml.dll
0x00007ff9960e0000 - 0x00007ff996850000 	C:\Windows\System32\SHELL32.dll
0x00007ff992f30000 - 0x00007ff9936d5000 	C:\Windows\SYSTEM32\windows.storage.dll
0x00007ff996d70000 - 0x00007ff9970c4000 	C:\Windows\System32\combase.dll
0x00007ff994810000 - 0x00007ff99483b000 	C:\Windows\SYSTEM32\Wldp.dll
0x00007ff995ed0000 - 0x00007ff995f9d000 	C:\Windows\System32\OLEAUT32.dll
0x00007ff996b10000 - 0x00007ff996bbd000 	C:\Windows\System32\SHCORE.dll
0x00007ff995da0000 - 0x00007ff995dfb000 	C:\Windows\System32\shlwapi.dll
0x00007ff994df0000 - 0x00007ff994e14000 	C:\Windows\SYSTEM32\profapi.dll
0x00007ff9603c0000 - 0x00007ff9603d8000 	C:\Program Files\Eclipse Adoptium\jdk-17.0.19.10-hotspot\bin\zip.dll
0x00007ff960280000 - 0x00007ff96029a000 	C:\Program Files\Eclipse Adoptium\jdk-17.0.19.10-hotspot\bin\net.dll
0x00007ff98c9b0000 - 0x00007ff98caba000 	C:\Windows\SYSTEM32\WINHTTP.dll
0x00007ff994570000 - 0x00007ff9945da000 	C:\Windows\system32\mswsock.dll
0x00007ff960260000 - 0x00007ff960276000 	C:\Program Files\Eclipse Adoptium\jdk-17.0.19.10-hotspot\bin\nio.dll
0x00007ff961620000 - 0x00007ff961630000 	C:\Program Files\Eclipse Adoptium\jdk-17.0.19.10-hotspot\bin\verify.dll
0x00007ff96b110000 - 0x00007ff96b137000 	C:\Users\Shyly\.gradle\native\660c5614fbf4a5f2a75b1949f50a0caf5cd603558e7d8a26e50b933a0cfb79d1\windows-amd64\native-platform.dll
0x00007ff94fac0000 - 0x00007ff94fb37000 	C:\Users\Shyly\.gradle\native\0.2.8\x86_64-windows-gnu\gradle-fileevents.dll
0x00007ff957640000 - 0x00007ff95764a000 	C:\Program Files\Eclipse Adoptium\jdk-17.0.19.10-hotspot\bin\management.dll
0x00007ff957600000 - 0x00007ff95760c000 	C:\Program Files\Eclipse Adoptium\jdk-17.0.19.10-hotspot\bin\management_ext.dll
0x00007ff9960d0000 - 0x00007ff9960d8000 	C:\Windows\System32\PSAPI.DLL
0x00007ff994250000 - 0x00007ff99428b000 	C:\Windows\SYSTEM32\IPHLPAPI.DLL
0x00007ff996ad0000 - 0x00007ff996ad8000 	C:\Windows\System32\NSI.dll
0x00007ff98d980000 - 0x00007ff98d997000 	C:\Windows\SYSTEM32\dhcpcsvc6.DLL
0x00007ff98dd50000 - 0x00007ff98dd6d000 	C:\Windows\SYSTEM32\dhcpcsvc.DLL
0x00007ff994290000 - 0x00007ff99435a000 	C:\Windows\SYSTEM32\DNSAPI.dll
0x00007ff9569f0000 - 0x00007ff9569f9000 	C:\Program Files\Eclipse Adoptium\jdk-17.0.19.10-hotspot\bin\extnet.dll
0x00007ff994770000 - 0x00007ff994788000 	C:\Windows\SYSTEM32\CRYPTSP.dll
0x00007ff993e90000 - 0x00007ff993ec8000 	C:\Windows\system32\rsaenh.dll
0x00007ff994db0000 - 0x00007ff994dde000 	C:\Windows\SYSTEM32\USERENV.dll
0x00007ff994760000 - 0x00007ff99476c000 	C:\Windows\SYSTEM32\CRYPTBASE.dll
0x00007ff968080000 - 0x00007ff96808e000 	C:\Program Files\Eclipse Adoptium\jdk-17.0.19.10-hotspot\bin\sunmscapi.dll
0x00007ff995060000 - 0x00007ff9951bd000 	C:\Windows\System32\CRYPT32.dll
0x00007ff994880000 - 0x00007ff9948a7000 	C:\Windows\SYSTEM32\ncrypt.dll
0x00007ff994840000 - 0x00007ff99487b000 	C:\Windows\SYSTEM32\NTASN1.dll
0x00007ff992000000 - 0x00007ff992007000 	C:\Windows\system32\wshunix.dll
0x00007ff98eb30000 - 0x00007ff98eb37000 	C:\Program Files\Eclipse Adoptium\jdk-17.0.19.10-hotspot\bin\rmi.dll

dbghelp: loaded successfully - version: 4.0.5 - missing functions: none
symbol engine: initialized successfully - sym options: 0x614 - pdb path: .;C:\Program Files\Eclipse Adoptium\jdk-17.0.19.10-hotspot\bin;C:\Windows\SYSTEM32;C:\Windows\WinSxS\amd64_microsoft.windows.common-controls_6595b64144ccf1df_6.0.19041.6456_none_60b8a6cb71f64256;C:\Program Files\Eclipse Adoptium\jdk-17.0.19.10-hotspot\bin\server;C:\Users\Shyly\.gradle\native\660c5614fbf4a5f2a75b1949f50a0caf5cd603558e7d8a26e50b933a0cfb79d1\windows-amd64;C:\Users\Shyly\.gradle\native\0.2.8\x86_64-windows-gnu

VM Arguments:
jvm_args: --add-opens=java.base/java.lang=ALL-UNNAMED --add-opens=java.base/java.lang.invoke=ALL-UNNAMED --add-opens=java.base/java.util=ALL-UNNAMED --add-opens=java.prefs/java.util.prefs=ALL-UNNAMED --add-exports=jdk.compiler/com.sun.tools.javac.api=ALL-UNNAMED --add-exports=jdk.compiler/com.sun.tools.javac.util=ALL-UNNAMED --add-opens=java.base/java.util=ALL-UNNAMED --add-opens=java.prefs/java.util.prefs=ALL-UNNAMED --add-opens=java.base/java.nio.charset=ALL-UNNAMED --add-opens=java.base/java.net=ALL-UNNAMED --add-opens=java.base/java.util.concurrent=ALL-UNNAMED --add-opens=java.base/java.util.concurrent.atomic=ALL-UNNAMED --add-opens=java.xml/javax.xml.namespace=ALL-UNNAMED --add-opens=java.base/java.time=ALL-UNNAMED -Xmx2048m -Dfile.encoding=UTF-8 -Duser.country=US -Duser.language=en -Duser.variant -javaagent:C:\Users\Shyly\.gradle\wrapper\dists\gradle-9.3.1-bin\23ovyewtku6u96viwx3xl3oks\gradle-9.3.1\lib\agents\gradle-instrumentation-agent-9.3.1.jar 
java_command: org.gradle.launcher.daemon.bootstrap.GradleDaemon 9.3.1
java_class_path (initial): C:\Users\Shyly\.gradle\wrapper\dists\gradle-9.3.1-bin\23ovyewtku6u96viwx3xl3oks\gradle-9.3.1\lib\gradle-daemon-main-9.3.1.jar
Launcher Type: SUN_STANDARD

[Global flags]
     intx CICompilerCount                          = 3                                         {product} {ergonomic}
     uint ConcGCThreads                            = 1                                         {product} {ergonomic}
     uint G1ConcRefinementThreads                  = 4                                         {product} {ergonomic}
   size_t G1HeapRegionSize                         = 1048576                                   {product} {ergonomic}
    uintx GCDrainStackTargetSize                   = 64                                        {product} {ergonomic}
   size_t InitialHeapSize                          = 134217728                                 {product} {ergonomic}
   size_t MarkStackSize                            = 4194304                                   {product} {ergonomic}
   size_t MaxHeapSize                              = 2147483648                                {product} {command line}
   size_t MaxNewSize                               = 1287651328                                {product} {ergonomic}
   size_t MinHeapDeltaBytes                        = 1048576                                   {product} {ergonomic}
   size_t MinHeapSize                              = 8388608                                   {product} {ergonomic}
    uintx NonNMethodCodeHeapSize                   = 5832780                                {pd product} {ergonomic}
    uintx NonProfiledCodeHeapSize                  = 122912730                              {pd product} {ergonomic}
    uintx ProfiledCodeHeapSize                     = 122912730                              {pd product} {ergonomic}
    uintx ReservedCodeCacheSize                    = 251658240                              {pd product} {ergonomic}
     bool SegmentedCodeCache                       = true                                      {product} {ergonomic}
   size_t SoftMaxHeapSize                          = 2147483648                             {manageable} {ergonomic}
     bool UseCompressedClassPointers               = true                           {product lp64_product} {ergonomic}
     bool UseCompressedOops                        = true                           {product lp64_product} {ergonomic}
     bool UseG1GC                                  = true                                      {product} {ergonomic}
     bool UseLargePagesIndividualAllocation        = false                                  {pd product} {ergonomic}

Logging:
Log output configuration:
 #0: stdout all=warning uptime,level,tags
 #1: stderr all=off uptime,level,tags

Environment Variables:
JAVA_HOME=C:\Program Files\Eclipse Adoptium\jdk-17.0.19.10-hotspot\
PATH=C:\Program Files\Eclipse Adoptium\jdk-17.0.19.10-hotspot\bin;C:\Windows\system32;C:\Windows;C:\Windows\System32\Wbem;C:\Windows\System32\WindowsPowerShell\v1.0\;C:\Windows\System32\OpenSSH\;C:\Program Files\NVIDIA Corporation\NVIDIA App\NvDLISR;C:\Program Files (x86)\NVIDIA Corporation\PhysX\Common;C:\Program Files\dotnet\;C:\Program Files\Microsoft SQL Server\150\Tools\Binn\;C:\Program Files\Microsoft SQL Server\Client SDK\ODBC\170\Tools\Binn\;C:\Program Files (x86)\Microsoft SQL Server\150\Tools\Binn\;C:\Program Files\Microsoft SQL Server\150\DTS\Binn\;C:\Program Files (x86)\Microsoft SQL Server\150\DTS\Binn\;C:\Program Files\Azure Data Studio\bin;C:\Program Files (x86)\Microsoft SQL Server\160\Tools\Binn\;C:\Program Files\Microsoft SQL Server\160\Tools\Binn\;C:\Program Files\Microsoft SQL Server\160\DTS\Binn\;C:\Users\Shyly\Downloads\Telegram Desktop\php-8.4.12-Win32-vs17-x64;C:\Users\Public\Git\cmd;C:\Users\Shyly\AppData\Local\nvm;C:\nvm4w\nodejs;C:\Program Files\nodejs\;C:\Users\Shyly\.config\herd-lite\bin;C:\Users\Shyly\AppData\Local\Programs\Python\Python313\Scripts\;C:\Users\Shyly\AppData\Local\Programs\Python\Python313\;C:\Users\Shyly\AppData\Local\Programs\Python\Launcher\;C:\Users\Shyly\AppData\Local\Microsoft\WindowsApps;C:\Users\Shyly\AppData\Local\Programs\Microsoft VS Code\bin;C:\Users\Shyly\.dotnet\tools;C:\Program Files\Azure Data Studio\bin;C:\Users\Shyly\AppData\Local\nvm;C:\nvm4w\nodejs;C:\Users\Shyly\AppData\Roaming\npm
USERNAME=Shyly
OS=Windows_NT
PROCESSOR_IDENTIFIER=Intel64 Family 6 Model 142 Stepping 10, GenuineIntel
TMP=C:\Users\Shyly\AppData\Local\Temp
TEMP=C:\Users\Shyly\AppData\Local\Temp



Periodic native trim disabled


---------------  S Y S T E M  ---------------

OS:
 Windows 10 , 64 bit Build 19041 (10.0.19041.5915)
OS uptime: 0 days 2:25 hours

CPU: total 4 (initial active 4) (2 cores per cpu, 2 threads per core) family 6 model 142 stepping 10 microcode 0xb4, cx8, cmov, fxsr, ht, mmx, 3dnowpref, sse, sse2, sse3, ssse3, sse4.1, sse4.2, popcnt, lzcnt, tsc, tscinvbit, avx, avx2, aes, erms, clmul, bmi1, bmi2, adx, fma, vzeroupper, clflush, clflushopt
Processor Information for all 4 processors :
  Max Mhz: 2201, Current Mhz: 2200, Mhz Limit: 2178

Memory: 4k page, system-wide physical 8069M (287M free)
TotalPageFile size 13903M (AvailPageFile size 256M)
current process WorkingSet (physical memory assigned to process): 1478M, peak: 1478M
current process commit charge ("private bytes"): 1727M, peak: 2234M

vm_info: OpenJDK 64-Bit Server VM (17.0.19+10) for windows-amd64 JRE (17.0.19+10), built on Apr 25 2026 08:04:44 by "admin" with MS VC++ 17.12 (VS2022)

END.
